Gr Liv Area,Garage Area,SalePrice,1Fam,2fmCon,Duplex,Twnhs,TwnhsE
1656,528.0,215000,1,0,0,0,0
896,730.0,105000,1,0,0,0,0
1329,312.0,172000,1,0,0,0,0
2110,522.0,244000,1,0,0,0,0
1629,482.0,189900,1,0,0,0,0
1604,470.0,195500,1,0,0,0,0
1338,582.0,213500,0,0,0,0,1
1280,506.0,191500,0,0,0,0,1
1616,608.0,236500,0,0,0,0,1
1804,442.0,189000,1,0,0,0,0
1655,440.0,175900,1,0,0,0,0
1187,420.0,185000,1,0,0,0,0
1465,393.0,180400,1,0,0,0,0
1341,506.0,171500,1,0,0,0,0
1502,528.0,212000,0,0,0,0,1
3279,841.0,538000,1,0,0,0,0
1752,492.0,164000,1,0,0,0,0
1856,834.0,394432,1,0,0,0,0
864,400.0,141000,1,0,0,0,0
2073,500.0,210000,1,0,0,0,0
1844,546.0,190000,1,0,0,0,0
1173,528.0,170000,1,0,0,0,0
1674,663.0,216000,1,0,0,0,0
1004,480.0,149000,1,0,0,0,0
1078,500.0,149900,1,0,0,0,0
1056,304.0,142000,1,0,0,0,0
882,525.0,126000,1,0,0,0,0
864,0.0,115000,1,0,0,0,0
1337,511.0,184000,0,0,0,0,1
987,264.0,96000,0,0,0,1,0
1092,320.0,105500,0,0,0,1,0
1092,264.0,88000,0,0,0,1,0
1069,440.0,127500,0,0,0,0,1
1456,440.0,149900,0,0,0,1,0
836,308.0,120000,0,0,0,1,0
1456,440.0,146000,0,0,0,1,0
2334,751.0,376162,1,0,0,0,0
1704,772.0,306000,1,0,0,0,0
1940,606.0,395192,1,0,0,0,0
1544,868.0,290941,1,0,0,0,0
1541,532.0,220000,1,0,0,0,0
1698,730.0,275000,1,0,0,0,0
1822,678.0,259000,1,0,0,0,0
1535,532.0,214000,1,0,0,0,0
2364,820.0,611657,1,0,0,0,0
1358,484.0,224000,0,0,0,0,1
2696,958.0,500000,1,0,0,0,0
2250,756.0,320000,1,0,0,0,0
1752,576.0,319900,0,0,0,0,1
1370,484.0,205000,0,0,0,0,1
1626,474.0,175500,0,0,0,1,0
1324,430.0,199500,1,0,0,0,0
1145,437.0,160000,0,0,0,0,1
1269,430.0,192000,0,0,0,0,1
1374,400.0,184500,1,0,0,0,0
1960,440.0,216500,1,0,0,0,0
1733,433.0,185088,1,0,0,0,0
1430,400.0,180000,1,0,0,0,0
2035,434.0,222500,1,0,0,0,0
2599,779.0,333168,1,0,0,0,0
2475,962.0,355000,1,0,0,0,0
1720,527.0,260400,1,0,0,0,0
2622,712.0,325000,1,0,0,0,0
2270,671.0,290000,1,0,0,0,0
1839,486.0,221000,1,0,0,0,0
3238,666.0,410000,1,0,0,0,0
1595,880.0,221500,1,0,0,0,0
1218,676.0,204500,1,0,0,0,0
1547,614.0,215200,1,0,0,0,0
1566,750.0,262500,1,0,0,0,0
1947,678.0,254900,1,0,0,0,0
1468,528.0,271500,1,0,0,0,0
2084,618.0,233000,1,0,0,0,0
1659,484.0,181000,1,0,0,0,0
2110,463.0,205000,1,0,0,0,0
923,264.0,143000,0,0,0,0,1
1845,462.0,189000,1,0,0,0,0
918,264.0,99500,0,0,0,0,1
752,264.0,125000,0,0,0,0,1
1744,457.0,194500,1,0,0,0,0
1097,480.0,152000,1,0,0,0,0
1564,476.0,171000,1,0,0,0,0
1012,429.0,67500,1,0,0,0,0
1902,539.0,112000,0,0,1,0,0
1155,576.0,148000,1,0,0,0,0
894,336.0,138500,1,0,0,0,0
900,280.0,122000,1,0,0,0,0
1040,308.0,133000,1,0,0,0,0
1040,260.0,127000,1,0,0,0,0
1494,461.0,169000,1,0,0,0,0
1923,564.0,190000,1,0,0,0,0
2349,762.0,362500,1,0,0,0,0
2225,713.0,285000,1,0,0,0,0
1488,506.0,260000,0,0,0,0,1
1680,588.0,190000,0,0,0,0,1
1200,480.0,155000,0,0,0,0,1
1200,480.0,151000,0,0,0,0,1
1200,480.0,149500,0,0,0,1,0
1236,480.0,152000,0,0,0,1,0
1478,484.0,222000,1,0,0,0,0
1573,440.0,177500,0,0,0,1,0
1512,440.0,177000,0,0,0,0,1
1416,484.0,155000,0,0,0,1,0
1080,496.0,147110,0,0,0,0,1
1418,852.0,267916,1,0,0,0,0
1848,592.0,254000,1,0,0,0,0
788,484.0,155000,0,0,0,0,1
1226,484.0,206000,0,0,0,1,0
1479,475.0,130500,1,0,0,0,0
1492,596.0,230000,1,0,0,0,0
1829,535.0,218500,1,0,0,0,0
2495,660.0,243500,1,0,0,0,0
1610,480.0,205000,1,0,0,0,0
1891,678.0,212500,1,0,0,0,0
1714,496.0,196500,1,0,0,0,0
1381,676.0,197500,1,0,0,0,0
1645,441.0,171000,1,0,0,0,0
1232,490.0,142250,1,0,0,0,0
1328,528.0,143000,1,0,0,0,0
1225,0.0,128950,1,0,0,0,0
1209,504.0,159000,1,0,0,0,0
1510,517.0,178900,1,0,0,0,0
1775,480.0,136300,1,0,0,0,0
1152,484.0,180500,1,0,0,0,0
1054,480.0,137500,1,0,0,0,0
1728,0.0,84900,0,0,1,0,0
1078,240.0,142125,1,0,0,0,0
2461,400.0,197600,1,0,0,0,0
1556,470.0,172500,1,0,0,0,0
858,0.0,116500,1,0,0,0,0
1306,0.0,76500,1,0,0,0,0
1063,280.0,128000,1,0,0,0,0
1520,364.0,153000,1,0,0,0,0
1268,244.0,132000,1,0,0,0,0
1128,315.0,178000,1,0,0,0,0
2274,480.0,154300,0,0,1,0,0
2207,576.0,180000,1,0,0,0,0
1888,578.0,190000,1,0,0,0,0
1604,576.0,135000,0,0,1,0,0
1480,620.0,214000,1,0,0,0,0
1143,308.0,136000,1,0,0,0,0
1700,447.0,165500,1,0,0,0,0
1314,294.0,145000,1,0,0,0,0
1194,312.0,148000,1,0,0,0,0
1188,531.0,142000,1,0,0,0,0
1264,461.0,167500,1,0,0,0,0
1206,312.0,108538,1,0,0,0,0
1580,440.0,159500,1,0,0,0,0
1337,263.0,108000,1,0,0,0,0
1064,318.0,135000,1,0,0,0,0
972,305.0,122500,1,0,0,0,0
988,264.0,119000,0,1,0,0,0
1057,246.0,109000,1,0,0,0,0
985,676.0,105000,1,0,0,0,0
827,392.0,107500,1,0,0,0,0
1086,490.0,144900,1,0,0,0,0
936,308.0,129000,1,0,0,0,0
1458,330.0,97500,1,0,0,0,0
1056,576.0,144000,0,0,1,0,0
1287,576.0,162000,1,0,0,0,0
2978,564.0,242000,1,0,0,0,0
1224,280.0,132000,1,0,0,0,0
1246,305.0,154000,1,0,0,0,0
1385,720.0,166000,1,0,0,0,0
900,576.0,134800,1,0,0,0,0
1116,440.0,160000,1,0,0,0,0
1175,484.0,148000,1,0,0,0,0
1395,440.0,192000,1,0,0,0,0
1839,442.0,155000,1,0,0,0,0
1844,240.0,80400,1,0,0,0,0
1140,0.0,96500,1,0,0,0,0
936,0.0,109500,1,0,0,0,0
1028,360.0,115000,1,0,0,0,0
1347,551.0,143000,1,0,0,0,0
1605,379.0,107400,1,0,0,0,0
747,220.0,80000,1,0,0,0,0
804,240.0,119000,1,0,0,0,0
1316,484.0,130000,1,0,0,0,0
1251,240.0,119000,1,0,0,0,0
1633,240.0,129000,1,0,0,0,0
1245,315.0,100000,1,0,0,0,0
832,780.0,12789,1,0,0,0,0
720,484.0,105900,1,0,0,0,0
1566,288.0,150000,1,0,0,0,0
1652,416.0,139000,1,0,0,0,0
2268,624.0,240000,1,0,0,0,0
2256,0.0,76500,0,1,0,0,0
1236,923.0,149700,1,0,0,0,0
1363,528.0,125500,1,0,0,0,0
2290,560.0,122500,0,1,0,0,0
1470,624.0,140750,1,0,0,0,0
1612,363.0,128500,1,0,0,0,0
2068,315.0,209500,1,0,0,0,0
765,200.0,87000,1,0,0,0,0
1132,240.0,134000,1,0,0,0,0
1196,576.0,128000,1,0,0,0,0
1453,240.0,132000,1,0,0,0,0
1416,312.0,139900,1,0,0,0,0
1040,624.0,123900,1,0,0,0,0
1536,480.0,138400,1,0,0,0,0
1068,288.0,109500,1,0,0,0,0
1710,480.0,140000,1,0,0,0,0
1962,572.0,149500,1,0,0,0,0
1560,0.0,159900,1,0,0,0,0
1324,180.0,122000,1,0,0,0,0
816,516.0,110000,0,0,1,0,0
1092,0.0,55000,0,1,0,0,0
1812,672.0,140000,0,1,0,0,0
2403,349.0,244400,1,0,0,0,0
1675,365.0,173000,1,0,0,0,0
1224,180.0,107500,1,0,0,0,0
1392,0.0,100000,0,1,0,0,0
919,231.0,95000,1,0,0,0,0
1884,0.0,93369,1,0,0,0,0
1680,450.0,114900,0,1,0,0,0
1020,0.0,94000,1,0,0,0,0
1832,0.0,136000,0,0,1,0,0
1768,0.0,136500,0,0,1,0,0
1039,504.0,131500,0,1,0,0,0
1392,528.0,121500,1,0,0,0,0
912,336.0,125000,1,0,0,0,0
1060,270.0,154000,1,0,0,0,0
892,416.0,137900,1,0,0,0,0
1352,299.0,158000,1,0,0,0,0
864,280.0,137250,1,0,0,0,0
1373,591.0,160250,0,0,1,0,0
1440,480.0,163000,1,0,0,0,0
1386,440.0,158900,1,0,0,0,0
2260,533.0,328000,1,0,0,0,0
1483,690.0,270000,1,0,0,0,0
756,440.0,85000,1,0,0,0,0
1067,436.0,128000,1,0,0,0,0
1524,586.0,260000,1,0,0,0,0
1981,522.0,230000,1,0,0,0,0
1610,480.0,124000,1,0,0,0,0
835,366.0,83000,1,0,0,0,0
1074,467.0,144500,1,0,0,0,0
1144,596.0,129000,1,0,0,0,0
1531,209.0,127000,1,0,0,0,0
1172,366.0,128000,1,0,0,0,0
1212,460.0,186000,1,0,0,0,0
1508,572.0,308030,1,0,0,0,0
1298,504.0,114000,1,0,0,0,0
930,308.0,84900,1,0,0,0,0
1732,476.0,178000,1,0,0,0,0
1433,528.0,270000,1,0,0,0,0
1802,1017.0,218000,1,0,0,0,0
1949,574.0,236000,1,0,0,0,0
996,564.0,147000,1,0,0,0,0
1694,776.0,245350,1,0,0,0,0
1208,632.0,206000,1,0,0,0,0
1226,740.0,198900,1,0,0,0,0
1222,615.0,187000,1,0,0,0,0
3222,594.0,320000,1,0,0,0,0
1445,484.0,138500,1,0,0,0,0
1052,440.0,155000,1,0,0,0,0
965,580.0,159000,1,0,0,0,0
1692,513.0,191000,1,0,0,0,0
1682,523.0,200500,1,0,0,0,0
1026,308.0,150000,1,0,0,0,0
1392,299.0,161750,1,0,0,0,0
894,308.0,128200,1,0,0,0,0
876,484.0,127000,1,0,0,0,0
1978,850.0,318000,1,0,0,0,0
1601,670.0,272000,1,0,0,0,0
1829,613.0,237000,1,0,0,0,0
2098,621.0,240000,1,0,0,0,0
1661,598.0,224900,1,0,0,0,0
848,420.0,143750,0,0,0,0,1
848,420.0,143000,0,0,0,0,1
1668,502.0,232000,1,0,0,0,0
1484,606.0,213000,1,0,0,0,0
1414,494.0,185500,1,0,0,0,0
640,240.0,84900,1,0,0,0,0
992,319.0,155891,1,0,0,0,0
1664,0.0,100000,0,0,1,0,0
1196,336.0,144000,1,0,0,0,0
1120,480.0,64000,1,0,0,0,0
1096,352.0,125200,1,0,0,0,0
1117,672.0,107000,1,0,0,0,0
960,0.0,90000,1,0,0,0,0
1121,440.0,140000,1,0,0,0,0
1487,220.0,113000,1,0,0,0,0
924,280.0,80000,0,1,0,0,0
1526,364.0,144500,1,0,0,0,0
1296,260.0,104000,1,0,0,0,0
1647,216.0,128000,1,0,0,0,0
864,200.0,58500,1,0,0,0,0
1691,308.0,127000,1,0,0,0,0
856,399.0,126000,1,0,0,0,0
2650,0.0,160000,0,0,1,0,0
1666,0.0,100000,1,0,0,0,0
2447,336.0,169000,1,0,0,0,0
2133,312.0,257500,1,0,0,0,0
2177,484.0,215000,0,0,1,0,0
2340,252.0,266500,1,0,0,0,0
1902,567.0,335000,1,0,0,0,0
1652,473.0,203135,1,0,0,0,0
1034,598.0,185000,0,0,0,0,1
1191,531.0,162500,0,0,0,0,1
1801,484.0,289000,1,0,0,0,0
1154,240.0,125500,1,0,0,0,0
540,200.0,82000,1,0,0,0,0
1107,625.0,110000,1,0,0,0,0
1128,528.0,68400,1,0,0,0,0
1178,384.0,102776,1,0,0,0,0
1044,504.0,55993,1,0,0,0,0
952,330.0,50138,1,0,0,0,0
1646,525.0,246000,0,0,0,0,1
1916,741.0,254900,1,0,0,0,0
1285,473.0,190000,1,0,0,0,0
1560,573.0,201000,1,0,0,0,0
1034,888.0,169900,1,0,0,0,0
2048,776.0,170000,0,0,1,0,0
1687,572.0,160000,1,0,0,0,0
1346,660.0,220000,1,0,0,0,0
1214,520.0,179781,1,0,0,0,0
1444,400.0,174000,1,0,0,0,0
1968,680.0,269500,1,0,0,0,0
1894,510.0,214900,1,0,0,0,0
1908,431.0,202900,1,0,0,0,0
2018,746.0,378500,1,0,0,0,0
1264,528.0,169000,1,0,0,0,0
1430,624.0,173500,1,0,0,0,0
1824,0.0,139000,0,0,1,0,0
1344,686.0,166500,1,0,0,0,0
1092,286.0,83500,0,0,0,0,1
945,253.0,119500,0,0,0,1,0
1112,336.0,85000,0,0,0,0,1
1092,0.0,76000,0,0,0,1,0
630,0.0,75500,0,0,0,0,1
1092,0.0,88250,0,0,0,0,1
1092,286.0,85500,0,0,0,0,1
874,352.0,130000,1,0,0,0,0
1188,312.0,157900,1,0,0,0,0
833,495.0,149900,1,0,0,0,0
2432,616.0,159000,0,0,1,0,0
1274,576.0,136000,1,0,0,0,0
1479,275.0,161000,1,0,0,0,0
1803,482.0,285000,1,0,0,0,0
1797,616.0,231000,1,0,0,0,0
882,502.0,124500,1,0,0,0,0
1434,528.0,157000,1,0,0,0,0
2704,538.0,345000,1,0,0,0,0
1608,470.0,189500,1,0,0,0,0
2283,632.0,270000,1,0,0,0,0
1628,390.0,189000,1,0,0,0,0
1746,758.0,377500,1,0,0,0,0
1474,400.0,168500,1,0,0,0,0
2522,564.0,375000,0,0,0,0,1
1659,499.0,278000,0,0,0,0,1
1478,495.0,240000,1,0,0,0,0
1734,528.0,239500,0,0,0,0,1
1382,396.0,177500,1,0,0,0,0
1718,427.0,185000,1,0,0,0,0
1636,440.0,191000,1,0,0,0,0
1571,380.0,178000,1,0,0,0,0
1470,420.0,185000,1,0,0,0,0
1516,409.0,181316,1,0,0,0,0
1190,430.0,166000,1,0,0,0,0
1593,389.0,178000,1,0,0,0,0
1481,343.0,174000,1,0,0,0,0
1167,400.0,173000,1,0,0,0,0
1983,490.0,225000,1,0,0,0,0
1442,500.0,180500,1,0,0,0,0
1360,565.0,187500,0,0,0,0,1
2234,1166.0,501837,1,0,0,0,0
2046,834.0,372500,1,0,0,0,0
1530,430.0,260000,1,0,0,0,0
1934,567.0,185000,1,0,0,0,0
2353,484.0,260000,1,0,0,0,0
1586,435.0,181000,1,0,0,0,0
1411,544.0,82500,1,0,0,0,0
1602,529.0,215000,1,0,0,0,0
2050,529.0,154000,1,0,0,0,0
1671,484.0,200000,1,0,0,0,0
2673,441.0,249000,1,0,0,0,0
1472,588.0,187500,1,0,0,0,0
1707,479.0,184000,1,0,0,0,0
2524,542.0,278000,1,0,0,0,0
1601,478.0,157000,1,0,0,0,0
1370,479.0,152000,1,0,0,0,0
1868,484.0,197500,1,0,0,0,0
1884,581.0,240900,1,0,0,0,0
1935,552.0,263435,1,0,0,0,0
1874,588.0,220000,1,0,0,0,0
1811,565.0,235000,1,0,0,0,0
1621,478.0,213000,1,0,0,0,0
1116,528.0,167900,1,0,0,0,0
1193,506.0,158000,1,0,0,0,0
1350,478.0,165000,1,0,0,0,0
2119,583.0,158000,1,0,0,0,0
1792,0.0,136000,0,0,1,0,0
1002,902.0,148500,1,0,0,0,0
1026,440.0,156000,1,0,0,0,0
1180,477.0,128000,1,0,0,0,0
1050,336.0,143000,1,0,0,0,0
864,576.0,76500,1,0,0,0,0
864,660.0,120500,1,0,0,0,0
864,463.0,124500,1,0,0,0,0
864,576.0,97000,1,0,0,0,0
864,576.0,130000,1,0,0,0,0
987,264.0,111000,0,0,0,1,0
1365,440.0,125000,0,0,0,0,1
1302,280.0,112000,0,0,0,1,0
987,288.0,97000,0,0,0,1,0
987,264.0,118000,0,0,0,1,0
1302,264.0,119500,0,0,0,1,0
958,440.0,143750,0,0,0,0,1
1548,440.0,146000,0,0,0,0,1
1456,440.0,148500,0,0,0,1,0
1055,440.0,123000,0,0,0,1,0
1322,440.0,147000,0,0,0,0,1
1456,440.0,137900,0,0,0,1,0
1548,440.0,147000,0,0,0,0,1
1441,440.0,148500,0,0,0,1,0
1456,440.0,138000,0,0,0,0,1
836,345.0,128500,0,0,0,0,1
892,288.0,100000,1,0,0,0,0
1120,656.0,148800,1,0,0,0,0
1718,786.0,337500,1,0,0,0,0
2772,754.0,462000,1,0,0,0,0
3140,820.0,485000,1,0,0,0,0
2402,672.0,555000,1,0,0,0,0
1652,840.0,325000,1,0,0,0,0
1600,890.0,256300,1,0,0,0,0
2042,1390.0,253293,1,0,0,0,0
2690,864.0,398800,1,0,0,0,0
2184,836.0,335000,1,0,0,0,0
2020,896.0,404000,1,0,0,0,0
2020,900.0,402861,1,0,0,0,0
2296,842.0,451950,1,0,0,0,0
2674,762.0,610000,1,0,0,0,0
2822,1020.0,582933,1,0,0,0,0
1736,834.0,360000,1,0,0,0,0
1782,932.0,296000,1,0,0,0,0
2520,640.0,409900,1,0,0,0,0
1717,908.0,255500,1,0,0,0,0
1743,927.0,335000,1,0,0,0,0
1713,856.0,274900,1,0,0,0,0
1531,700.0,300000,1,0,0,0,0
1808,850.0,324000,1,0,0,0,0
2224,738.0,350000,1,0,0,0,0
1836,862.0,280000,1,0,0,0,0
1629,880.0,284000,1,0,0,0,0
1760,583.0,269500,1,0,0,0,0
1502,644.0,233170,1,0,0,0,0
2392,968.0,386250,1,0,0,0,0
2452,886.0,445000,1,0,0,0,0
2400,730.0,290000,1,0,0,0,0
1606,871.0,255900,1,0,0,0,0
1358,484.0,213000,0,0,0,0,1
1306,624.0,196000,0,0,0,1,0
1306,624.0,184500,0,0,0,1,0
1358,484.0,212500,0,0,0,0,1
1314,626.0,230000,0,0,0,1,0
2492,949.0,552000,1,0,0,0,0
2200,685.0,382500,1,0,0,0,0
1884,649.0,320000,0,0,0,0,1
1456,539.0,248500,0,0,0,0,1
1712,701.0,286500,1,0,0,0,0
1324,550.0,254000,0,0,0,0,1
1405,478.0,173000,0,0,0,0,1
1626,474.0,173000,0,0,0,1,0
1456,390.0,184000,1,0,0,0,0
1490,392.0,167800,1,0,0,0,0
1484,390.0,174000,1,0,0,0,0
1560,400.0,174000,1,0,0,0,0
1555,660.0,174000,0,0,0,0,1
1569,660.0,175900,0,0,0,0,1
1555,430.0,192500,0,0,0,0,1
1504,457.0,181000,0,0,0,0,1
1220,397.0,180000,0,0,0,0,1
1145,397.0,160200,0,0,0,0,1
1432,432.0,188500,1,0,0,0,0
2267,390.0,200000,1,0,0,0,0
1374,400.0,170000,1,0,0,0,0
1630,436.0,189500,1,0,0,0,0
1419,527.0,184100,1,0,0,0,0
1594,434.0,195500,1,0,0,0,0
1489,400.0,192000,1,0,0,0,0
1342,393.0,178000,1,0,0,0,0
1314,626.0,207500,0,0,0,1,0
2256,554.0,236000,1,0,0,0,0
2004,644.0,257500,1,0,0,0,0
2054,390.0,244000,1,0,0,0,0
1374,400.0,167000,1,0,0,0,0
1800,463.0,179000,1,0,0,0,0
1514,394.0,190000,1,0,0,0,0
1430,400.0,156000,1,0,0,0,0
2312,658.0,245000,1,0,0,0,0
1675,502.0,181000,1,0,0,0,0
2060,390.0,214000,1,0,0,0,0
1430,410.0,168000,1,0,0,0,0
2365,856.0,337000,1,0,0,0,0
2794,810.0,403000,1,0,0,0,0
2687,810.0,327000,1,0,0,0,0
2450,1069.0,340000,1,0,0,0,0
2612,676.0,336000,1,0,0,0,0
2344,889.0,265000,1,0,0,0,0
2063,815.0,315000,1,0,0,0,0
2646,656.0,260000,1,0,0,0,0
2061,647.0,260000,1,0,0,0,0
2232,623.0,263550,1,0,0,0,0
2448,711.0,402000,1,0,0,0,0
1850,467.0,248000,1,0,0,0,0
1468,898.0,244600,1,0,0,0,0
1696,972.0,275000,1,0,0,0,0
1658,726.0,257500,1,0,0,0,0
1578,840.0,287090,1,0,0,0,0
1702,844.0,275500,1,0,0,0,0
1432,492.0,245000,1,0,0,0,0
1971,689.0,253000,1,0,0,0,0
2490,795.0,468000,1,0,0,0,0
1852,644.0,252678,1,0,0,0,0
1590,676.0,210000,1,0,0,0,0
1218,676.0,208300,1,0,0,0,0
1436,529.0,225000,1,0,0,0,0
1314,552.0,229456,1,0,0,0,0
1402,625.0,229800,1,0,0,0,0
1530,984.0,250000,1,0,0,0,0
1766,478.0,370878,1,0,0,0,0
1448,692.0,238500,1,0,0,0,0
2007,812.0,310000,1,0,0,0,0
1795,782.0,270000,1,0,0,0,0
1953,1043.0,252000,1,0,0,0,0
1550,438.0,241000,1,0,0,0,0
1836,517.0,264500,1,0,0,0,0
1662,711.0,291000,1,0,0,0,0
2094,615.0,263000,1,0,0,0,0
1221,400.0,185000,1,0,0,0,0
1553,588.0,234500,1,0,0,0,0
1653,628.0,209000,1,0,0,0,0
1218,576.0,159000,1,0,0,0,0
1141,484.0,152000,1,0,0,0,0
1158,0.0,143500,1,0,0,0,0
1812,478.0,193000,1,0,0,0,0
1512,845.0,203000,1,0,0,0,0
1200,555.0,184900,1,0,0,0,0
1114,576.0,159000,1,0,0,0,0
1114,0.0,142000,1,0,0,0,0
1114,576.0,153000,1,0,0,0,0
1450,788.0,224243,1,0,0,0,0
2122,559.0,220000,1,0,0,0,0
1844,620.0,257000,1,0,0,0,0
1434,527.0,189000,1,0,0,0,0
1730,528.0,171500,1,0,0,0,0
1217,288.0,120000,0,0,0,0,1
1332,542.0,145000,0,0,0,0,1
1540,495.0,184000,1,0,0,0,0
1400,465.0,162000,1,0,0,0,0
1882,612.0,160000,0,0,1,0,0
841,294.0,82000,1,0,0,0,0
784,360.0,76000,1,0,0,0,0
980,400.0,110000,1,0,0,0,0
980,484.0,135000,1,0,0,0,0
864,732.0,141000,1,0,0,0,0
864,440.0,122000,1,0,0,0,0
1020,288.0,124100,1,0,0,0,0
912,300.0,129000,1,0,0,0,0
1144,264.0,131400,1,0,0,0,0
864,360.0,62383,1,0,0,0,0
912,252.0,123000,1,0,0,0,0
2014,864.0,275000,1,0,0,0,0
1755,524.0,235000,1,0,0,0,0
3005,704.0,280750,0,0,0,1,0
1224,528.0,164500,0,0,0,0,1
1224,528.0,173733,0,0,0,0,1
1726,561.0,222000,0,0,0,0,1
1256,641.0,195000,0,0,0,0,1
1471,440.0,172500,0,0,0,0,1
1512,440.0,180000,0,0,0,0,1
1452,506.0,156000,0,0,0,0,1
1739,480.0,172500,0,0,0,1,0
1694,642.0,318750,1,0,0,0,0
1226,484.0,211500,0,0,0,0,1
1740,540.0,241600,1,0,0,0,0
2499,527.0,180500,1,0,0,0,0
1620,490.0,150000,1,0,0,0,0
1556,441.0,154000,1,0,0,0,0
1442,615.0,185000,1,0,0,0,0
1489,462.0,185750,1,0,0,0,0
2090,484.0,200000,1,0,0,0,0
2067,784.0,206000,1,0,0,0,0
1395,497.0,162000,1,0,0,0,0
2640,515.0,256900,1,0,0,0,0
1724,480.0,197900,1,0,0,0,0
1336,502.0,163000,1,0,0,0,0
1216,336.0,113000,1,0,0,0,0
2288,520.0,230000,1,0,0,0,0
1334,630.0,167900,1,0,0,0,0
1680,583.0,213250,1,0,0,0,0
1665,528.0,227000,1,0,0,0,0
864,312.0,130000,1,0,0,0,0
1568,440.0,143000,1,0,0,0,0
925,429.0,117500,1,0,0,0,0
2061,498.0,168500,1,0,0,0,0
1320,495.0,172500,1,0,0,0,0
1342,457.0,161500,1,0,0,0,0
894,396.0,141500,1,0,0,0,0
864,308.0,118000,1,0,0,0,0
864,300.0,127500,1,0,0,0,0
1362,768.0,140000,1,0,0,0,0
1728,576.0,177625,1,0,0,0,0
1776,888.0,110000,0,0,1,0,0
1516,472.0,167000,1,0,0,0,0
1313,610.0,153000,1,0,0,0,0
1292,520.0,145100,1,0,0,0,0
1154,480.0,154000,1,0,0,0,0
2140,549.0,177500,1,0,0,0,0
1445,645.0,158000,1,0,0,0,0
1041,270.0,124500,1,0,0,0,0
1576,368.0,174500,1,0,0,0,0
960,330.0,122000,1,0,0,0,0
708,0.0,82500,1,0,0,0,0
1203,352.0,110000,1,0,0,0,0
1505,505.0,149500,1,0,0,0,0
1691,550.0,175000,1,0,0,0,0
1644,418.0,167000,1,0,0,0,0
1050,338.0,128900,1,0,0,0,0
1668,271.0,140000,1,0,0,0,0
1113,264.0,147000,1,0,0,0,0
1584,792.0,124000,0,0,1,0,0
1453,530.0,187500,1,0,0,0,0
1394,514.0,159000,1,0,0,0,0
1567,542.0,256000,1,0,0,0,0
1986,486.0,205000,1,0,0,0,0
2142,509.0,193500,1,0,0,0,0
1392,576.0,110000,1,0,0,0,0
1738,368.0,104900,1,0,0,0,0
1144,286.0,150000,1,0,0,0,0
1478,442.0,156500,1,0,0,0,0
1329,441.0,176000,1,0,0,0,0
988,297.0,149500,1,0,0,0,0
1632,338.0,139000,1,0,0,0,0
1215,297.0,155000,1,0,0,0,0
1202,304.0,120000,1,0,0,0,0
1382,350.0,153000,1,0,0,0,0
1200,294.0,144000,1,0,0,0,0
1382,884.0,176000,1,0,0,0,0
1297,498.0,153000,1,0,0,0,0
1866,495.0,135000,0,0,1,0,0
1062,297.0,131000,1,0,0,0,0
1319,270.0,123000,1,0,0,0,0
1112,480.0,126000,1,0,0,0,0
1005,672.0,115000,1,0,0,0,0
1363,288.0,164900,1,0,0,0,0
793,240.0,113000,1,0,0,0,0
1031,230.0,145500,1,0,0,0,0
1210,616.0,102900,1,0,0,0,0
1699,420.0,95000,0,1,0,0,0
1527,410.0,152500,1,0,0,0,0
1200,246.0,129900,1,0,0,0,0
972,240.0,132000,1,0,0,0,0
792,366.0,99900,1,0,0,0,0
1656,180.0,135000,1,0,0,0,0
1352,720.0,149000,1,0,0,0,0
1039,281.0,114000,1,0,0,0,0
792,240.0,109500,1,0,0,0,0
1078,264.0,125000,1,0,0,0,0
2377,528.0,142900,1,0,0,0,0
1690,624.0,156500,1,0,0,0,0
599,0.0,59000,1,0,0,0,0
1374,338.0,105000,1,0,0,0,0
846,576.0,106000,1,0,0,0,0
725,320.0,78500,1,0,0,0,0
2544,907.0,190000,0,0,1,0,0
1380,364.0,154000,1,0,0,0,0
1040,480.0,163000,1,0,0,0,0
2634,968.0,200000,0,0,1,0,0
951,480.0,143500,1,0,0,0,0
1105,308.0,135000,1,0,0,0,0
1306,756.0,153000,1,0,0,0,0
1478,498.0,157500,1,0,0,0,0
1142,384.0,113500,1,0,0,0,0
1268,288.0,133000,1,0,0,0,0
1040,400.0,92900,0,0,1,0,0
1133,900.0,128500,1,0,0,0,0
1040,420.0,90000,0,0,1,0,0
1904,240.0,138000,1,0,0,0,0
1041,294.0,128000,1,0,0,0,0
1339,294.0,139000,1,0,0,0,0
732,240.0,118900,1,0,0,0,0
1183,288.0,138000,1,0,0,0,0
1148,672.0,132500,1,0,0,0,0
1461,384.0,133500,1,0,0,0,0
1495,576.0,135000,1,0,0,0,0
1806,483.0,144750,1,0,0,0,0
941,564.0,145000,0,0,1,0,0
1045,264.0,127000,1,0,0,0,0
894,308.0,109500,1,0,0,0,0
1224,210.0,115000,1,0,0,0,0
1230,440.0,110000,1,0,0,0,0
1378,162.0,128900,1,0,0,0,0
1944,324.0,103500,0,0,1,0,0
1131,200.0,66500,1,0,0,0,0
1306,472.0,130000,1,0,0,0,0
1464,0.0,129000,1,0,0,0,0
1558,400.0,150000,1,0,0,0,0
2372,432.0,107500,1,0,0,0,0
1701,0.0,94550,0,1,0,0,0
1960,400.0,124500,0,0,1,0,0
1389,240.0,135000,1,0,0,0,0
1447,0.0,103000,1,0,0,0,0
936,576.0,93000,0,1,0,0,0
1328,308.0,129500,1,0,0,0,0
1387,256.0,93000,0,1,0,0,0
861,288.0,80000,1,0,0,0,0
612,308.0,45000,1,0,0,0,0
968,0.0,37900,1,0,0,0,0
886,273.0,91300,1,0,0,0,0
792,287.0,99500,1,0,0,0,0
1452,0.0,113000,0,1,0,0,0
1510,720.0,87500,1,0,0,0,0
1284,240.0,110000,1,0,0,0,0
2138,360.0,106000,1,0,0,0,0
2640,864.0,265979,1,0,0,0,0
2007,357.0,160000,1,0,0,0,0
1288,280.0,119000,1,0,0,0,0
1742,424.0,168000,1,0,0,0,0
816,0.0,58500,1,0,0,0,0
1482,324.0,143000,1,0,0,0,0
1022,280.0,85000,1,0,0,0,0
1869,456.0,124900,1,0,0,0,0
1480,207.0,119000,1,0,0,0,0
1521,640.0,146500,1,0,0,0,0
720,0.0,34900,1,0,0,0,0
797,0.0,44000,1,0,0,0,0
1576,528.0,223500,1,0,0,0,0
1432,216.0,149000,1,0,0,0,0
1548,672.0,205000,1,0,0,0,0
1654,336.0,137000,1,0,0,0,0
952,192.0,121000,1,0,0,0,0
1324,240.0,128000,1,0,0,0,0
1176,624.0,134900,1,0,0,0,0
1348,216.0,117000,1,0,0,0,0
1412,280.0,132500,1,0,0,0,0
1142,320.0,93000,1,0,0,0,0
904,180.0,119000,1,0,0,0,0
1301,440.0,100000,1,0,0,0,0
1539,576.0,141500,1,0,0,0,0
1573,240.0,133000,1,0,0,0,0
800,0.0,60000,1,0,0,0,0
875,180.0,105000,1,0,0,0,0
995,264.0,115000,1,0,0,0,0
1582,250.0,150000,1,0,0,0,0
1072,1184.0,126500,1,0,0,0,0
2134,441.0,214500,1,0,0,0,0
2019,532.0,167500,1,0,0,0,0
1768,576.0,155000,1,0,0,0,0
1826,164.0,155000,1,0,0,0,0
1944,216.0,179900,1,0,0,0,0
2229,0.0,104000,1,0,0,0,0
2128,0.0,62500,0,0,1,0,0
1930,316.0,149000,1,0,0,0,0
1208,539.0,103000,1,0,0,0,0
1427,379.0,123000,1,0,0,0,0
1864,0.0,97500,0,1,0,0,0
1666,384.0,135000,1,0,0,0,0
892,0.0,70000,1,0,0,0,0
1403,308.0,116000,0,1,0,0,0
704,220.0,88750,1,0,0,0,0
1200,0.0,179000,0,0,1,0,0
1200,0.0,179000,0,0,1,0,0
1152,252.0,159900,0,0,1,0,0
904,0.0,61000,1,0,0,0,0
1369,300.0,103600,1,0,0,0,0
1112,226.0,63000,1,0,0,0,0
1464,480.0,175000,1,0,0,0,0
1121,480.0,139000,1,0,0,0,0
1683,440.0,172500,1,0,0,0,0
1052,668.0,113500,1,0,0,0,0
899,288.0,130000,1,0,0,0,0
1034,504.0,149900,1,0,0,0,0
858,576.0,134900,1,0,0,0,0
860,528.0,137000,1,0,0,0,0
1092,288.0,139000,1,0,0,0,0
1774,384.0,165000,1,0,0,0,0
1138,480.0,148000,1,0,0,0,0
2071,336.0,165000,1,0,0,0,0
660,0.0,63900,1,0,0,0,0
1788,304.0,161500,1,0,0,0,0
1473,452.0,143000,1,0,0,0,0
1229,284.0,135000,1,0,0,0,0
861,539.0,82500,1,0,0,0,0
1867,303.0,190000,1,0,0,0,0
1733,452.0,139600,1,0,0,0,0
1383,498.0,122000,1,0,0,0,0
1689,480.0,127500,1,0,0,0,0
1073,340.0,121500,1,0,0,0,0
1276,350.0,60000,1,0,0,0,0
1639,240.0,154400,1,0,0,0,0
672,234.0,113000,1,0,0,0,0
1089,252.0,125000,1,0,0,0,0
845,290.0,84000,1,0,0,0,0
1049,266.0,139500,0,0,0,0,1
1716,281.0,131000,1,0,0,0,0
1258,280.0,105000,1,0,0,0,0
1510,296.0,108000,1,0,0,0,0
1061,462.0,162000,1,0,0,0,0
1338,576.0,156500,1,0,0,0,0
2132,612.0,316600,1,0,0,0,0
2196,701.0,271900,1,0,0,0,0
1775,425.0,213000,1,0,0,0,0
1879,473.0,239900,1,0,0,0,0
2020,466.0,239500,1,0,0,0,0
2016,576.0,131000,1,0,0,0,0
1535,410.0,118964,0,0,1,0,0
1224,528.0,153337,0,0,1,0,0
2228,720.0,147983,0,0,1,0,0
1535,400.0,118858,0,0,1,0,0
1535,400.0,118858,0,0,1,0,0
2240,528.0,142953,0,0,1,0,0
1229,672.0,148325,0,0,1,0,0
1513,400.0,113722,0,0,1,0,0
2787,820.0,269500,0,0,1,0,0
2787,820.0,269500,0,0,1,0,0
2787,820.0,269500,0,0,1,0,0
1680,1138.0,323262,1,0,0,0,0
1718,826.0,297000,1,0,0,0,0
1630,860.0,295493,1,0,0,0,0
1720,846.0,332000,1,0,0,0,0
1468,904.0,239900,1,0,0,0,0
1768,578.0,212000,1,0,0,0,0
1838,524.0,272500,1,0,0,0,0
1800,702.0,239000,1,0,0,0,0
1604,660.0,220000,1,0,0,0,0
1290,662.0,200000,1,0,0,0,0
1254,810.0,221800,1,0,0,0,0
1232,632.0,194500,1,0,0,0,0
1498,844.0,237000,1,0,0,0,0
1422,440.0,173000,1,0,0,0,0
1644,569.0,275000,1,0,0,0,0
1759,525.0,233500,1,0,0,0,0
2126,538.0,185000,1,0,0,0,0
1040,576.0,152000,1,0,0,0,0
990,440.0,143000,1,0,0,0,0
1764,470.0,231500,1,0,0,0,0
1661,550.0,212000,1,0,0,0,0
1463,539.0,207000,1,0,0,0,0
1097,672.0,145000,1,0,0,0,0
990,480.0,138000,1,0,0,0,0
1779,546.0,197900,1,0,0,0,0
1501,577.0,204000,1,0,0,0,0
1431,666.0,192000,1,0,0,0,0
1772,492.0,200000,1,0,0,0,0
1660,493.0,195000,1,0,0,0,0
1573,544.0,227000,1,0,0,0,0
1840,622.0,230000,1,0,0,0,0
1430,605.0,187100,1,0,0,0,0
1444,577.0,203000,1,0,0,0,0
1492,608.0,201000,1,0,0,0,0
1040,0.0,124000,1,0,0,0,0
907,343.0,140000,1,0,0,0,0
914,444.0,134900,1,0,0,0,0
1040,484.0,150500,1,0,0,0,0
864,336.0,136500,1,0,0,0,0
1268,252.0,143500,1,0,0,0,0
864,338.0,133500,1,0,0,0,0
894,600.0,123000,1,0,0,0,0
768,396.0,133900,1,0,0,0,0
768,396.0,133000,1,0,0,0,0
1611,1231.0,250000,1,0,0,0,0
2184,570.0,254750,1,0,0,0,0
1788,522.0,236500,1,0,0,0,0
1872,531.0,261500,1,0,0,0,0
2153,736.0,313000,1,0,0,0,0
1725,550.0,198500,1,0,0,0,0
1870,608.0,211000,1,0,0,0,0
1513,521.0,220000,1,0,0,0,0
1504,478.0,203000,1,0,0,0,0
1828,523.0,279500,1,0,0,0,0
1417,511.0,210000,1,0,0,0,0
2034,645.0,219500,1,0,0,0,0
1716,512.0,191000,1,0,0,0,0
1212,573.0,178000,1,0,0,0,0
1630,451.0,213000,1,0,0,0,0
848,420.0,144000,0,0,0,0,1
848,420.0,140000,0,0,0,0,1
1602,810.0,293200,1,0,0,0,0
1728,572.0,190000,1,0,0,0,0
1500,570.0,190000,1,0,0,0,0
1476,540.0,173500,1,0,0,0,0
1396,440.0,170000,1,0,0,0,0
1126,520.0,108000,1,0,0,0,0
1486,480.0,167000,1,0,0,0,0
816,288.0,100000,1,0,0,0,0
1922,672.0,198500,1,0,0,0,0
1426,440.0,159500,1,0,0,0,0
1149,544.0,127000,1,0,0,0,0
1125,352.0,125000,1,0,0,0,0
1698,768.0,320000,1,0,0,0,0
1072,525.0,145500,0,0,0,0,1
698,0.0,118000,1,0,0,0,0
876,320.0,85000,1,0,0,0,0
1368,195.0,120000,1,0,0,0,0
1529,240.0,98000,1,0,0,0,0
864,0.0,99900,1,0,0,0,0
944,528.0,82000,1,0,0,0,0
1678,0.0,119900,0,0,1,0,0
1560,313.0,103500,1,0,0,0,0
960,288.0,112000,1,0,0,0,0
1196,528.0,110000,1,0,0,0,0
1298,256.0,122000,1,0,0,0,0
1604,660.0,117000,1,0,0,0,0
1268,250.0,160000,1,0,0,0,0
1520,281.0,159434,1,0,0,0,0
438,246.0,60000,1,0,0,0,0
1489,240.0,139500,1,0,0,0,0
3082,672.0,197000,1,0,0,0,0
1242,180.0,105000,1,0,0,0,0
1981,576.0,135000,1,0,0,0,0
1232,440.0,147500,1,0,0,0,0
1608,216.0,137450,1,0,0,0,0
1135,576.0,155000,1,0,0,0,0
1913,342.0,177000,1,0,0,0,0
1477,216.0,145000,1,0,0,0,0
1228,215.0,137000,1,0,0,0,0
2080,282.0,234000,1,0,0,0,0
1567,440.0,205000,1,0,0,0,0
1494,213.0,177500,1,0,0,0,0
1308,256.0,160000,1,0,0,0,0
1273,307.0,155000,1,0,0,0,0
964,432.0,163500,1,0,0,0,0
1343,186.0,154900,1,0,0,0,0
2480,400.0,205000,0,0,1,0,0
1112,390.0,144800,1,0,0,0,0
1564,234.0,174500,1,0,0,0,0
1561,463.0,193000,1,0,0,0,0
1523,295.0,158000,1,0,0,0,0
1152,300.0,158500,1,0,0,0,0
1906,576.0,224000,1,0,0,0,0
1032,452.0,115000,0,0,0,1,0
1229,462.0,137000,0,0,0,0,1
1229,462.0,121000,0,0,0,1,0
1229,462.0,124000,0,0,0,0,1
1982,501.0,208000,1,0,0,0,0
2365,551.0,315000,1,0,0,0,0
1680,540.0,222000,1,0,0,0,0
1344,468.0,147000,1,0,0,0,0
2168,576.0,123000,1,0,0,0,0
1192,189.0,78000,1,0,0,0,0
1526,0.0,85000,1,0,0,0,0
572,200.0,75000,1,0,0,0,0
1648,482.0,230000,0,0,0,0,1
810,280.0,57625,1,0,0,0,0
2052,642.0,251000,1,0,0,0,0
2149,670.0,239686,1,0,0,0,0
1710,550.0,240000,1,0,0,0,0
1961,560.0,215000,1,0,0,0,0
926,351.0,156450,1,0,0,0,0
1287,541.0,173000,1,0,0,0,0
1734,539.0,126000,0,0,1,0,0
1217,497.0,173000,1,0,0,0,0
1595,672.0,152000,1,0,0,0,0
1344,525.0,137500,1,0,0,0,0
2036,513.0,375000,1,0,0,0,0
1620,912.0,315500,1,0,0,0,0
1692,650.0,224500,1,0,0,0,0
2036,780.0,410000,1,0,0,0,0
1641,885.0,316500,1,0,0,0,0
1466,610.0,201000,1,0,0,0,0
1412,576.0,175000,1,0,0,0,0
2237,440.0,204000,1,0,0,0,0
1479,578.0,213500,1,0,0,0,0
1296,471.0,220000,1,0,0,0,0
2014,486.0,170000,1,0,0,0,0
1838,765.0,315000,1,0,0,0,0
1978,920.0,425000,1,0,0,0,0
1008,384.0,139500,1,0,0,0,0
1771,336.0,115000,1,0,0,0,0
1204,412.0,162000,0,0,0,0,1
1224,402.0,165000,0,0,0,0,1
988,297.0,91000,0,0,0,1,0
874,288.0,130000,1,0,0,0,0
630,286.0,86000,0,0,0,1,0
1404,504.0,160000,1,0,0,0,0
630,286.0,80000,0,0,0,0,1
1344,0.0,97000,0,0,0,1,0
1092,286.0,88000,0,0,0,0,1
796,336.0,131900,1,0,0,0,0
1091,429.0,131250,1,0,0,0,0
1110,602.0,165500,1,0,0,0,0
833,0.0,112000,1,0,0,0,0
883,698.0,149000,1,0,0,0,0
1362,480.0,143000,1,0,0,0,0
1287,440.0,130000,1,0,0,0,0
1567,714.0,196000,1,0,0,0,0
1632,898.0,173000,1,0,0,0,0
1414,601.0,176500,1,0,0,0,0
2117,550.0,237500,1,0,0,0,0
2112,576.0,206900,1,0,0,0,0
1604,470.0,187500,1,0,0,0,0
1470,420.0,165000,1,0,0,0,0
1604,472.0,195500,1,0,0,0,0
1638,472.0,192000,1,0,0,0,0
1636,386.0,173000,1,0,0,0,0
1384,404.0,177900,1,0,0,0,0
1446,406.0,175000,1,0,0,0,0
1593,682.0,286000,0,0,0,0,1
1682,528.0,247900,1,0,0,0,0
1337,462.0,180000,0,0,0,0,1
1280,506.0,180000,0,0,0,0,1
1604,470.0,181000,1,0,0,0,0
1633,460.0,183000,1,0,0,0,0
1658,431.0,188000,1,0,0,0,0
1895,409.0,194500,1,0,0,0,0
1709,416.0,185000,1,0,0,0,0
1228,472.0,189000,0,0,0,0,1
1337,462.0,188500,0,0,0,0,1
2500,683.0,355000,1,0,0,0,0
2504,656.0,325000,1,0,0,0,0
1884,670.0,387000,1,0,0,0,0
1474,495.0,115000,1,0,0,0,0
1710,557.0,334000,0,0,0,0,1
1488,738.0,133000,1,0,0,0,0
2093,542.0,215000,1,0,0,0,0
1688,528.0,226500,1,0,0,0,0
1422,576.0,175500,1,0,0,0,0
1260,598.0,181900,1,0,0,0,0
2064,550.0,235000,1,0,0,0,0
1782,551.0,220000,1,0,0,0,0
2872,619.0,272000,1,0,0,0,0
1211,461.0,161000,1,0,0,0,0
1126,540.0,175000,1,0,0,0,0
2044,489.0,185000,1,0,0,0,0
1308,484.0,146900,1,0,0,0,0
2840,1314.0,292500,1,0,0,0,0
1523,478.0,180000,1,0,0,0,0
1444,473.0,159900,1,0,0,0,0
1964,483.0,205000,1,0,0,0,0
1178,439.0,157000,1,0,0,0,0
2340,787.0,306000,1,0,0,0,0
1792,480.0,133000,0,0,1,0,0
1054,460.0,151000,1,0,0,0,0
936,288.0,111900,1,0,0,0,0
864,576.0,123000,1,0,0,0,0
864,576.0,111250,1,0,0,0,0
1337,511.0,181000,0,0,0,0,1
987,264.0,103400,0,0,0,1,0
987,264.0,100000,0,0,0,1,0
987,352.0,100500,0,0,0,1,0
987,280.0,106000,0,0,0,1,0
987,264.0,85400,0,0,0,1,0
987,264.0,89500,0,0,0,0,1
1302,264.0,111750,0,0,0,1,0
1069,440.0,140000,0,0,0,0,1
1456,460.0,143000,0,0,0,0,1
1055,440.0,148500,0,0,0,1,0
892,264.0,110000,1,0,0,0,0
1932,774.0,394617,1,0,0,0,0
2332,846.0,426000,1,0,0,0,0
2084,1220.0,385000,1,0,0,0,0
2713,858.0,446261,1,0,0,0,0
1582,905.0,317500,1,0,0,0,0
1710,866.0,372402,1,0,0,0,0
2464,650.0,417500,1,0,0,0,0
1950,706.0,383000,1,0,0,0,0
2748,850.0,390000,1,0,0,0,0
2790,1150.0,460000,1,0,0,0,0
2331,1003.0,379000,1,0,0,0,0
2088,656.0,250000,1,0,0,0,0
2332,756.0,316000,1,0,0,0,0
2470,789.0,615000,1,0,0,0,0
2668,726.0,412500,1,0,0,0,0
2046,871.0,284000,1,0,0,0,0
1575,732.0,284000,1,0,0,0,0
2649,746.0,421250,1,0,0,0,0
2690,795.0,370000,1,0,0,0,0
1866,870.0,336860,0,0,0,0,1
1702,1052.0,367294,0,0,0,0,1
1367,484.0,192000,0,0,0,0,1
1518,588.0,274000,0,0,0,0,1
1684,564.0,266000,0,0,0,0,1
1800,944.0,370967,0,0,0,0,1
1342,550.0,234250,0,0,0,0,1
1342,550.0,219500,0,0,0,0,1
1626,474.0,155000,0,0,0,1,0
1626,474.0,154000,0,0,0,1,0
1358,484.0,207000,0,0,0,0,1
1455,644.0,195000,0,0,0,0,1
1576,668.0,219990,0,0,0,0,1
1504,437.0,191000,0,0,0,0,1
1266,388.0,159895,1,0,0,0,0
1246,428.0,187687,1,0,0,0,0
1515,393.0,179000,1,0,0,0,0
1593,398.0,193000,1,0,0,0,0
1166,400.0,190000,1,0,0,0,0
1456,400.0,176000,1,0,0,0,0
1720,400.0,188000,1,0,0,0,0
1986,434.0,213000,1,0,0,0,0
1358,484.0,217300,0,0,0,0,1
1792,451.0,186500,1,0,0,0,0
1892,431.0,226750,1,0,0,0,0
1490,388.0,184000,1,0,0,0,0
1414,403.0,176000,1,0,0,0,0
2322,400.0,225000,1,0,0,0,0
1651,450.0,185900,1,0,0,0,0
2199,516.0,284500,1,0,0,0,0
2630,696.0,315000,1,0,0,0,0
2198,836.0,250000,1,0,0,0,0
2172,687.0,291000,1,0,0,0,0
2006,938.0,350000,1,0,0,0,0
2125,576.0,279500,1,0,0,0,0
2501,751.0,290000,1,0,0,0,0
2113,839.0,350000,1,0,0,0,0
2418,983.0,341000,1,0,0,0,0
2197,783.0,287500,1,0,0,0,0
2127,525.0,271000,1,0,0,0,0
1987,691.0,301500,1,0,0,0,0
1580,830.0,235128,1,0,0,0,0
1933,668.0,214000,1,0,0,0,0
1574,824.0,232000,1,0,0,0,0
1578,642.0,240000,1,0,0,0,0
1506,592.0,264132,1,0,0,0,0
1563,758.0,245000,1,0,0,0,0
1428,554.0,227680,1,0,0,0,0
1861,851.0,257000,1,0,0,0,0
1874,880.0,297900,1,0,0,0,0
1460,480.0,247000,1,0,0,0,0
1372,588.0,212700,1,0,0,0,0
1372,529.0,250580,1,0,0,0,0
1428,480.0,182000,1,0,0,0,0
1768,603.0,226700,1,0,0,0,0
1992,648.0,250000,1,0,0,0,0
1958,936.0,250000,1,0,0,0,0
2078,836.0,339750,1,0,0,0,0
1665,562.0,205950,1,0,0,0,0
1660,660.0,256000,1,0,0,0,0
1218,462.0,230348,1,0,0,0,0
1728,673.0,207500,1,0,0,0,0
1080,0.0,141000,1,0,0,0,0
1696,542.0,188000,1,0,0,0,0
1663,478.0,192500,1,0,0,0,0
1175,0.0,146000,1,0,0,0,0
1114,576.0,159000,1,0,0,0,0
1114,576.0,155000,1,0,0,0,0
1640,520.0,173000,1,0,0,0,0
1162,483.0,170000,1,0,0,0,0
1609,525.0,182000,1,0,0,0,0
1680,474.0,163000,1,0,0,0,0
1679,575.0,193500,1,0,0,0,0
1657,483.0,189000,1,0,0,0,0
1677,627.0,190500,1,0,0,0,0
1737,506.0,175000,1,0,0,0,0
1294,496.0,179200,1,0,0,0,0
1710,506.0,187000,1,0,0,0,0
1617,533.0,193000,0,0,0,0,1
1199,530.0,153900,0,0,0,0,1
984,384.0,128000,1,0,0,0,0
912,352.0,144000,1,0,0,0,0
864,420.0,135000,1,0,0,0,0
890,308.0,115000,0,1,0,0,0
864,276.0,119916,1,0,0,0,0
912,288.0,142000,1,0,0,0,0
1430,484.0,192000,1,0,0,0,0
1641,490.0,140000,1,0,0,0,0
2683,473.0,290000,1,0,0,0,0
2786,636.0,372500,1,0,0,0,0
1391,530.0,196000,0,0,0,0,1
1250,625.0,171900,0,0,0,0,1
1245,495.0,178000,0,0,0,0,1
1200,480.0,165000,0,0,0,0,1
1392,540.0,146000,0,0,0,0,1
1392,540.0,146000,0,0,0,0,1
1501,440.0,179400,0,0,0,1,0
1549,440.0,172900,0,0,0,1,0
1638,495.0,300000,0,0,0,0,1
1310,545.0,285000,0,0,0,0,1
1419,588.0,290000,0,0,0,0,1
1557,484.0,305000,0,0,0,0,1
1709,506.0,328900,0,0,0,0,1
1252,462.0,160000,0,0,0,1,0
1404,462.0,170000,0,0,0,1,0
1789,546.0,223000,1,0,0,0,0
1586,480.0,170000,0,0,0,1,0
1607,480.0,200000,0,0,0,1,0
2393,846.0,345000,0,0,0,0,1
1288,500.0,245500,0,0,0,0,1
1239,477.0,217500,0,0,0,0,1
1719,473.0,324000,0,0,0,0,1
1232,516.0,162500,1,0,0,0,0
2944,864.0,150000,1,0,0,0,0
1671,550.0,290000,1,0,0,0,0
1812,469.0,205000,1,0,0,0,0
1682,530.0,174000,1,0,0,0,0
1427,516.0,183000,1,0,0,0,0
1740,512.0,150000,1,0,0,0,0
1258,528.0,145000,1,0,0,0,0
1620,578.0,215000,1,0,0,0,0
1625,484.0,140500,0,0,1,0,0
2614,624.0,240000,1,0,0,0,0
1464,470.0,141000,1,0,0,0,0
912,576.0,147000,1,0,0,0,0
925,576.0,135000,1,0,0,0,0
1728,576.0,145000,0,0,1,0,0
1728,576.0,142600,0,0,1,0,0
1656,506.0,135000,0,0,1,0,0
1670,464.0,170000,1,0,0,0,0
2715,831.0,299800,1,0,0,0,0
1876,540.0,185000,1,0,0,0,0
1632,484.0,173000,1,0,0,0,0
999,588.0,178400,1,0,0,0,0
1978,486.0,176000,1,0,0,0,0
1014,267.0,98000,1,0,0,0,0
907,352.0,109008,1,0,0,0,0
952,283.0,135750,1,0,0,0,0
1128,525.0,155000,1,0,0,0,0
1425,576.0,180500,1,0,0,0,0
1165,490.0,174900,1,0,0,0,0
1136,384.0,140000,1,0,0,0,0
1092,504.0,145000,1,0,0,0,0
1265,502.0,179900,1,0,0,0,0
1350,520.0,168500,1,0,0,0,0
1114,451.0,140000,1,0,0,0,0
1053,312.0,145500,1,0,0,0,0
1252,528.0,142000,1,0,0,0,0
1100,312.0,141000,1,0,0,0,0
1118,264.0,153000,1,0,0,0,0
720,287.0,72500,1,0,0,0,0
729,0.0,52000,1,0,0,0,0
1077,205.0,118000,0,1,0,0,0
906,231.0,87000,1,0,0,0,0
1496,450.0,141500,1,0,0,0,0
1252,288.0,119000,1,0,0,0,0
1337,264.0,141500,1,0,0,0,0
1661,377.0,165500,1,0,0,0,0
1036,312.0,112900,1,0,0,0,0
1820,492.0,201800,1,0,0,0,0
1362,504.0,163000,1,0,0,0,0
1144,456.0,139950,1,0,0,0,0
1537,462.0,174000,1,0,0,0,0
1431,296.0,165000,1,0,0,0,0
1988,480.0,227000,1,0,0,0,0
1098,260.0,135000,1,0,0,0,0
1144,336.0,124000,1,0,0,0,0
1283,506.0,140000,1,0,0,0,0
1176,292.0,136500,1,0,0,0,0
1440,480.0,185000,1,0,0,0,0
1261,433.0,163000,1,0,0,0,0
1570,441.0,166800,1,0,0,0,0
1196,297.0,139000,1,0,0,0,0
1392,458.0,166000,1,0,0,0,0
1080,288.0,136000,1,0,0,0,0
1104,384.0,133000,1,0,0,0,0
882,240.0,116000,1,0,0,0,0
1152,636.0,137500,1,0,0,0,0
950,400.0,130000,1,0,0,0,0
1790,540.0,180000,1,0,0,0,0
952,840.0,139000,1,0,0,0,0
773,240.0,110000,1,0,0,0,0
1764,301.0,100000,1,0,0,0,0
1216,336.0,118500,1,0,0,0,0
1824,484.0,146000,0,0,1,0,0
869,390.0,89900,1,0,0,0,0
1159,288.0,114000,1,0,0,0,0
1558,288.0,140000,1,0,0,0,0
672,308.0,86900,1,0,0,0,0
1436,1488.0,139000,1,0,0,0,0
1294,0.0,106250,0,1,0,0,0
1716,490.0,171000,1,0,0,0,0
1044,372.0,139000,1,0,0,0,0
1312,495.0,186000,1,0,0,0,0
1253,352.0,157000,1,0,0,0,0
1081,401.0,148000,1,0,0,0,0
2069,505.0,242000,1,0,0,0,0
910,414.0,116000,1,0,0,0,0
876,576.0,94000,1,0,0,0,0
1048,420.0,98300,1,0,0,0,0
1507,404.0,127000,1,0,0,0,0
1256,311.0,159000,1,0,0,0,0
1027,299.0,125900,1,0,0,0,0
1269,308.0,155000,1,0,0,0,0
1320,576.0,138000,1,0,0,0,0
984,280.0,112500,1,0,0,0,0
832,528.0,105500,1,0,0,0,0
1278,240.0,127500,1,0,0,0,0
1800,0.0,130000,0,0,1,0,0
1588,480.0,150000,1,0,0,0,0
825,350.0,109500,1,0,0,0,0
1796,483.0,140000,1,0,0,0,0
1611,442.0,167900,1,0,0,0,0
1117,264.0,136870,1,0,0,0,0
1133,308.0,143000,1,0,0,0,0
764,504.0,73000,1,0,0,0,0
1539,686.0,157500,1,0,0,0,0
1323,400.0,122600,1,0,0,0,0
1360,330.0,111000,1,0,0,0,0
2792,520.0,256000,1,0,0,0,0
672,256.0,64000,1,0,0,0,0
1456,308.0,139500,1,0,0,0,0
1594,0.0,118000,0,1,0,0,0
2082,484.0,200000,1,0,0,0,0
1656,440.0,119164,1,0,0,0,0
1740,225.0,122250,1,0,0,0,0
1027,0.0,120000,1,0,0,0,0
1436,828.0,155000,0,1,0,0,0
899,200.0,78000,1,0,0,0,0
1080,0.0,95000,1,0,0,0,0
789,250.0,115000,1,0,0,0,0
1122,528.0,147000,1,0,0,0,0
1499,869.0,140000,1,0,0,0,0
407,297.0,46500,1,0,0,0,0
928,288.0,112500,1,0,0,0,0
901,281.0,107900,1,0,0,0,0
1588,0.0,65000,1,0,0,0,0
3493,870.0,295000,1,0,0,0,0
1627,420.0,139500,0,1,0,0,0
1416,720.0,153900,1,0,0,0,0
1450,288.0,132000,1,0,0,0,0
1344,513.0,98000,1,0,0,0,0
1017,308.0,114000,1,0,0,0,0
2350,393.0,130000,0,1,0,0,0
2058,396.0,129500,1,0,0,0,0
1540,0.0,129400,1,0,0,0,0
1378,360.0,161000,1,0,0,0,0
1912,672.0,163000,0,1,0,0,0
1484,0.0,128000,1,0,0,0,0
2358,0.0,122000,1,0,0,0,0
1111,288.0,116900,1,0,0,0,0
2775,880.0,325000,1,0,0,0,0
1086,400.0,55000,1,0,0,0,0
2495,342.0,184000,1,0,0,0,0
984,308.0,110000,1,0,0,0,0
1795,352.0,131500,1,0,0,0,0
882,308.0,97000,1,0,0,0,0
1093,308.0,115500,1,0,0,0,0
1143,288.0,138000,1,0,0,0,0
1668,252.0,108000,1,0,0,0,0
935,308.0,79500,1,0,0,0,0
1738,240.0,153000,1,0,0,0,0
784,0.0,109500,1,0,0,0,0
1210,240.0,124000,1,0,0,0,0
1290,200.0,106900,1,0,0,0,0
1672,240.0,164900,1,0,0,0,0
949,370.0,119000,1,0,0,0,0
1158,208.0,120000,1,0,0,0,0
1497,672.0,157000,1,0,0,0,0
1342,240.0,105000,1,0,0,0,0
1013,160.0,113000,1,0,0,0,0
1216,355.0,115000,1,0,0,0,0
896,280.0,79000,1,0,0,0,0
1136,336.0,123000,1,0,0,0,0
808,164.0,81300,1,0,0,0,0
1573,360.0,162900,1,0,0,0,0
2009,400.0,150000,1,0,0,0,0
1902,576.0,123500,1,0,0,0,0
1774,468.0,129900,1,0,0,0,0
1362,502.0,128000,1,0,0,0,0
520,240.0,68500,1,0,0,0,0
1285,240.0,127000,1,0,0,0,0
1848,370.0,207000,1,0,0,0,0
1820,240.0,184000,1,0,0,0,0
1716,672.0,162500,1,0,0,0,0
1505,240.0,145000,1,0,0,0,0
838,275.0,130000,1,0,0,0,0
1984,360.0,160000,0,1,0,0,0
1666,228.0,161000,1,0,0,0,0
1609,228.0,127500,1,0,0,0,0
768,440.0,93850,1,0,0,0,0
1536,308.0,136000,1,0,0,0,0
1969,400.0,141000,1,0,0,0,0
1308,400.0,120000,1,0,0,0,0
1040,320.0,127500,1,0,0,0,0
1236,384.0,127000,1,0,0,0,0
1406,0.0,89500,1,0,0,0,0
825,720.0,125000,1,0,0,0,0
1198,0.0,79900,1,0,0,0,0
759,576.0,85000,1,0,0,0,0
1344,0.0,82375,0,1,0,0,0
1469,216.0,135000,1,0,0,0,0
1054,240.0,124000,1,0,0,0,0
1211,322.0,134000,1,0,0,0,0
1271,312.0,135000,1,0,0,0,0
1588,680.0,134432,1,0,0,0,0
1355,0.0,127500,0,1,0,0,0
1075,440.0,148000,1,0,0,0,0
1040,384.0,129500,1,0,0,0,0
1096,484.0,157500,1,0,0,0,0
904,408.0,109900,1,0,0,0,0
992,294.0,145000,1,0,0,0,0
894,450.0,130000,1,0,0,0,0
1034,504.0,153000,1,0,0,0,0
1073,270.0,120000,1,0,0,0,0
1126,506.0,152000,1,0,0,0,0
1258,400.0,108959,0,0,1,0,0
1140,400.0,95541,0,1,0,0,0
1006,0.0,80000,1,0,0,0,0
1228,271.0,149350,1,0,0,0,0
960,300.0,144900,1,0,0,0,0
1188,621.0,185000,1,0,0,0,0
1383,354.0,165000,1,0,0,0,0
1252,564.0,235000,1,0,0,0,0
1601,300.0,140000,1,0,0,0,0
672,240.0,108000,1,0,0,0,0
1721,626.0,145000,1,0,0,0,0
1350,627.0,152400,1,0,0,0,0
904,912.0,144000,1,0,0,0,0
1291,431.0,173000,1,0,0,0,0
2022,505.0,192000,1,0,0,0,0
1524,478.0,245000,1,0,0,0,0
1363,439.0,241500,1,0,0,0,0
1663,529.0,256000,1,0,0,0,0
1357,312.0,177000,1,0,0,0,0
1079,249.0,125600,1,0,0,0,0
1094,495.0,155000,1,0,0,0,0
2358,360.0,240000,1,0,0,0,0
1518,0.0,260000,1,0,0,0,0
1674,396.0,185000,1,0,0,0,0
2108,540.0,235000,1,0,0,0,0
1509,322.0,159900,1,0,0,0,0
864,0.0,99600,0,0,1,0,0
1269,280.0,134500,1,0,0,0,0
1367,384.0,119000,1,0,0,0,0
1347,0.0,107500,0,1,0,0,0
1164,240.0,125000,0,1,0,0,0
1096,0.0,79000,1,0,0,0,0
1111,200.0,95000,1,0,0,0,0
2329,514.0,262280,1,0,0,0,0
2814,614.0,260000,1,0,0,0,0
1626,534.0,226500,1,0,0,0,0
2200,453.0,225000,1,0,0,0,0
2037,472.0,229000,1,0,0,0,0
1356,484.0,177439,1,0,0,0,0
1615,864.0,248500,1,0,0,0,0
2276,1348.0,475000,1,0,0,0,0
1766,874.0,395039,1,0,0,0,0
2097,678.0,228000,1,0,0,0,0
1511,811.0,225000,1,0,0,0,0
1643,438.0,195000,1,0,0,0,0
1688,603.0,200000,1,0,0,0,0
990,528.0,155000,1,0,0,0,0
1099,352.0,144000,1,0,0,0,0
990,672.0,145000,1,0,0,0,0
1418,558.0,226001,1,0,0,0,0
1771,600.0,215700,1,0,0,0,0
1652,532.0,207500,1,0,0,0,0
1790,588.0,193000,1,0,0,0,0
1724,527.0,188000,1,0,0,0,0
1479,577.0,191000,1,0,0,0,0
1494,530.0,221000,1,0,0,0,0
1792,564.0,231500,1,0,0,0,0
1823,626.0,235000,1,0,0,0,0
1786,608.0,223500,1,0,0,0,0
938,308.0,130250,1,0,0,0,0
985,328.0,149900,1,0,0,0,0
1174,528.0,158000,1,0,0,0,0
1026,576.0,147000,1,0,0,0,0
1076,576.0,143195,1,0,0,0,0
1558,440.0,163000,1,0,0,0,0
924,280.0,110000,1,0,0,0,0
864,352.0,127000,1,0,0,0,0
780,352.0,124900,1,0,0,0,0
1795,534.0,230000,1,0,0,0,0
2031,577.0,237000,1,0,0,0,0
1865,839.0,235000,1,0,0,0,0
2161,570.0,230500,1,0,0,0,0
1852,660.0,230000,1,0,0,0,0
2031,541.0,222500,1,0,0,0,0
2263,905.0,287000,1,0,0,0,0
1947,725.0,274000,1,0,0,0,0
1786,715.0,300000,1,0,0,0,0
2290,779.0,255900,1,0,0,0,0
1768,543.0,224900,1,0,0,0,0
2327,596.0,240000,1,0,0,0,0
1640,595.0,183000,1,0,0,0,0
1764,560.0,207000,1,0,0,0,0
1908,493.0,210000,1,0,0,0,0
848,420.0,136500,0,0,0,0,1
848,420.0,145000,0,0,0,0,1
1493,508.0,208900,1,0,0,0,0
1838,721.0,185000,0,0,1,0,0
1536,532.0,214000,1,0,0,0,0
1710,548.0,208500,1,0,0,0,0
1445,470.0,186500,1,0,0,0,0
1436,484.0,210000,1,0,0,0,0
1582,520.0,185900,1,0,0,0,0
1234,484.0,179900,1,0,0,0,0
1564,814.0,218836,1,0,0,0,0
1361,610.0,193000,1,0,0,0,0
1456,410.0,189000,1,0,0,0,0
848,420.0,149300,0,0,0,0,1
848,420.0,141000,0,0,0,0,1
848,420.0,149000,0,0,0,0,1
848,420.0,144500,0,0,0,0,1
796,0.0,85000,1,0,0,0,0
2200,0.0,145900,0,0,1,0,0
1092,264.0,123000,1,0,0,0,0
1256,276.0,147500,1,0,0,0,0
1033,504.0,165000,1,0,0,0,0
1127,480.0,135000,1,0,0,0,0
996,0.0,108000,1,0,0,0,0
1181,588.0,137500,1,0,0,0,0
1656,397.0,165400,1,0,0,0,0
1117,542.0,147000,1,0,0,0,0
1398,440.0,160500,1,0,0,0,0
1132,451.0,176000,1,0,0,0,0
3820,624.0,284700,1,0,0,0,0
5642,1418.0,160000,1,0,0,0,0
1072,525.0,148000,0,0,0,0,1
1152,0.0,82000,0,0,1,0,0
1152,0.0,82000,0,0,1,0,0
1440,0.0,118000,0,0,1,0,0
1152,0.0,82500,0,0,1,0,0
784,0.0,91900,0,1,0,0,0
1053,0.0,120000,1,0,0,0,0
1137,0.0,96000,1,0,0,0,0
930,286.0,99000,1,0,0,0,0
1200,240.0,130500,1,0,0,0,0
1470,548.0,135000,1,0,0,0,0
1393,300.0,135500,1,0,0,0,0
1204,312.0,100000,1,0,0,0,0
1292,205.0,108000,1,0,0,0,0
864,0.0,98000,1,0,0,0,0
864,0.0,67000,1,0,0,0,0
1716,0.0,135900,0,1,0,0,0
1482,400.0,140000,1,0,0,0,0
2192,240.0,179500,1,0,0,0,0
1694,576.0,136500,1,0,0,0,0
1424,312.0,168000,1,0,0,0,0
1964,0.0,130000,1,0,0,0,0
2601,621.0,189000,1,0,0,0,0
1920,480.0,161900,0,0,1,0,0
1316,369.0,145000,1,0,0,0,0
2555,672.0,191000,1,0,0,0,0
1680,308.0,177000,1,0,0,0,0
1264,400.0,147500,1,0,0,0,0
790,160.0,91000,1,0,0,0,0
1512,180.0,231000,1,0,0,0,0
1639,240.0,115000,1,0,0,0,0
1603,599.0,138000,1,0,0,0,0
1502,270.0,149000,1,0,0,0,0
1660,240.0,188700,1,0,0,0,0
1938,240.0,198000,1,0,0,0,0
1374,225.0,110000,1,0,0,0,0
1091,344.0,104000,1,0,0,0,0
1873,786.0,257076,1,0,0,0,0
3447,1014.0,381000,1,0,0,0,0
1954,431.0,311500,1,0,0,0,0
2161,506.0,263400,1,0,0,0,0
1898,484.0,236500,1,0,0,0,0
1640,924.0,224000,1,0,0,0,0
1032,462.0,116500,0,0,0,1,0
1556,452.0,151000,0,0,0,1,0
919,195.0,126000,1,0,0,0,0
1090,240.0,120000,1,0,0,0,0
796,0.0,55000,1,0,0,0,0
816,432.0,120500,1,0,0,0,0
778,924.0,120500,1,0,0,0,0
1200,0.0,119000,1,0,0,0,0
1656,288.0,126000,1,0,0,0,0
912,360.0,99500,1,0,0,0,0
1955,356.0,165500,1,0,0,0,0
733,487.0,13100,1,0,0,0,0
1361,185.0,89000,1,0,0,0,0
1317,250.0,40000,1,0,0,0,0
1049,195.0,80900,1,0,0,0,0
894,1248.0,81000,1,0,0,0,0
864,216.0,65000,1,0,0,0,0
1652,482.0,392500,0,0,0,0,1
1648,525.0,294464,0,0,0,0,1
1646,482.0,250000,0,0,0,0,1
1646,482.0,275000,0,0,0,0,1
2032,786.0,300000,1,0,0,0,0
1689,857.0,271000,1,0,0,0,0
1820,816.0,213000,1,0,0,0,0
1118,358.0,171000,1,0,0,0,0
1279,473.0,171500,1,0,0,0,0
1872,484.0,100000,0,0,1,0,0
1689,432.0,228500,1,0,0,0,0
1786,529.0,228950,0,1,0,0,0
1501,512.0,241500,0,0,0,0,1
2898,665.0,287000,1,0,0,0,0
1537,788.0,294000,1,0,0,0,0
1646,800.0,293077,1,0,0,0,0
1780,612.0,264966,1,0,0,0,0
1442,400.0,172500,1,0,0,0,0
1394,400.0,167500,1,0,0,0,0
1612,666.0,218689,1,0,0,0,0
1495,438.0,150000,1,0,0,0,0
1651,616.0,184000,1,0,0,0,0
1256,578.0,180000,1,0,0,0,0
1509,600.0,175000,1,0,0,0,0
1440,467.0,232500,1,0,0,0,0
1675,435.0,195000,1,0,0,0,0
2262,749.0,305000,1,0,0,0,0
1728,520.0,298751,1,0,0,0,0
1964,892.0,370000,1,0,0,0,0
1344,784.0,209200,0,0,1,0,0
1344,784.0,206300,0,0,1,0,0
1092,0.0,146000,1,0,0,0,0
1189,392.0,160500,0,0,0,0,1
1200,850.0,173000,1,0,0,0,0
1040,499.0,124000,0,0,0,0,1
1304,336.0,115000,0,0,0,0,1
1475,336.0,129500,0,0,0,0,1
988,297.0,105000,0,0,0,1,0
988,297.0,94900,0,0,0,1,0
1160,257.0,152500,1,0,0,0,0
1092,0.0,98000,0,0,0,1,0
630,0.0,81000,0,0,0,1,0
988,520.0,113000,1,0,0,0,0
816,264.0,128500,1,0,0,0,0
923,264.0,119500,1,0,0,0,0
816,264.0,130500,1,0,0,0,0
816,816.0,138000,1,0,0,0,0
845,264.0,134500,1,0,0,0,0
1750,423.0,160000,1,0,0,0,0
889,484.0,137500,1,0,0,0,0
1968,530.0,172000,1,0,0,0,0
1836,288.0,103000,1,0,0,0,0
1587,525.0,167300,1,0,0,0,0
1277,526.0,167000,1,0,0,0,0
2223,516.0,244000,1,0,0,0,0
2217,621.0,268000,1,0,0,0,0
1733,433.0,225000,1,0,0,0,0
1572,373.0,168000,1,0,0,0,0
1470,388.0,177000,1,0,0,0,0
1600,460.0,169000,1,0,0,0,0
1384,390.0,161500,1,0,0,0,0
1652,499.0,251000,0,0,0,0,1
1694,398.0,160000,1,0,0,0,0
1714,451.0,180000,1,0,0,0,0
1553,420.0,178750,1,0,0,0,0
1253,402.0,176000,1,0,0,0,0
2299,482.0,204000,1,0,0,0,0
1187,420.0,160000,1,0,0,0,0
1472,402.0,160000,1,0,0,0,0
1482,392.0,163900,1,0,0,0,0
1642,392.0,168000,1,0,0,0,0
1128,480.0,154204,1,0,0,0,0
1088,461.0,170000,0,0,0,0,1
2090,577.0,207500,0,0,0,0,1
1179,480.0,182000,0,0,0,0,1
1321,484.0,212000,0,0,0,0,1
1922,676.0,377426,1,0,0,0,0
2541,729.0,349265,1,0,0,0,0
2338,1110.0,591587,1,0,0,0,0
1424,828.0,155000,0,1,0,0,0
1612,556.0,319900,0,0,0,0,1
1419,567.0,392000,1,0,0,0,0
2234,724.0,441929,1,0,0,0,0
2042,724.0,455000,1,0,0,0,0
1440,467.0,182900,1,0,0,0,0
1284,480.0,174000,1,0,0,0,0
1868,477.0,178000,1,0,0,0,0
1479,484.0,176000,1,0,0,0,0
1664,663.0,213000,1,0,0,0,0
1930,481.0,192000,1,0,0,0,0
1969,534.0,190000,1,0,0,0,0
2030,551.0,195000,1,0,0,0,0
1032,564.0,148000,1,0,0,0,0
1177,495.0,151500,1,0,0,0,0
1725,550.0,197000,1,0,0,0,0
1353,478.0,192350,1,0,0,0,0
1620,462.0,152000,1,0,0,0,0
1220,944.0,170000,1,0,0,0,0
1484,487.0,175000,1,0,0,0,0
1743,539.0,175000,1,0,0,0,0
1935,550.0,197900,1,0,0,0,0
1324,585.0,174000,1,0,0,0,0
1877,488.0,178900,1,0,0,0,0
1109,288.0,139000,1,0,0,0,0
981,576.0,143250,1,0,0,0,0
1479,484.0,184000,1,0,0,0,0
1422,576.0,155000,1,0,0,0,0
914,368.0,133000,1,0,0,0,0
950,280.0,119500,1,0,0,0,0
872,480.0,123000,1,0,0,0,0
858,684.0,110000,1,0,0,0,0
914,270.0,128000,1,0,0,0,0
864,528.0,120500,1,0,0,0,0
767,367.0,133000,0,0,0,0,1
1337,511.0,155000,0,0,0,0,1
1337,522.0,177000,0,0,0,0,1
1092,264.0,113500,0,0,0,1,0
1218,264.0,113000,0,0,0,1,0
1218,264.0,113700,0,0,0,1,0
1302,440.0,106000,0,0,0,0,1
1365,440.0,122500,0,0,0,0,1
958,440.0,128000,0,0,0,0,1
1548,440.0,155000,0,0,0,0,1
1055,319.0,142500,0,0,0,1,0
988,360.0,129250,1,0,0,0,0
1816,730.0,356000,1,0,0,0,0
1828,774.0,314813,1,0,0,0,0
1694,818.0,318000,1,0,0,0,0
1694,856.0,322400,1,0,0,0,0
1734,928.0,318000,1,0,0,0,0
2122,938.0,345474,1,0,0,0,0
2121,732.0,415298,1,0,0,0,0
2656,1040.0,492000,1,0,0,0,0
2550,670.0,338931,1,0,0,0,0
2046,878.0,450000,1,0,0,0,0
2172,947.0,280000,1,0,0,0,0
2552,932.0,479069,1,0,0,0,0
1973,895.0,395000,1,0,0,0,0
2643,694.0,380000,1,0,0,0,0
1634,866.0,250000,1,0,0,0,0
1976,908.0,440000,1,0,0,0,0
2758,814.0,418000,1,0,0,0,0
2290,1174.0,500067,1,0,0,0,0
2152,728.0,260116,1,0,0,0,0
2473,852.0,317000,1,0,0,0,0
2100,786.0,319500,1,0,0,0,0
2161,789.0,325624,1,0,0,0,0
1802,843.0,372000,1,0,0,0,0
2956,916.0,342000,1,0,0,0,0
2468,872.0,354000,1,0,0,0,0
2385,818.0,350000,1,0,0,0,0
2374,656.0,285000,1,0,0,0,0
1818,774.0,281500,1,0,0,0,0
1614,878.0,245700,1,0,0,0,0
1721,554.0,232698,1,0,0,0,0
1828,876.0,250000,1,0,0,0,0
1362,460.0,194700,0,0,0,0,1
1302,631.0,204000,0,0,0,1,0
1302,631.0,200000,0,0,0,1,0
1362,460.0,207000,0,0,0,0,1
1554,627.0,209500,0,0,0,1,0
1554,627.0,209500,0,0,0,1,0
1370,484.0,202500,0,0,0,0,1
1577,564.0,280000,0,0,0,0,1
1561,556.0,277500,0,0,0,0,1
1869,617.0,318061,0,0,0,0,1
1324,550.0,221370,0,0,0,0,1
1405,478.0,200000,0,0,0,0,1
1496,572.0,181755,1,0,0,0,0
1536,400.0,176000,1,0,0,0,0
1484,393.0,178900,1,0,0,0,0
1458,454.0,168165,1,0,0,0,0
1495,440.0,171925,1,0,0,0,0
1746,350.0,198444,1,0,0,0,0
1326,388.0,203000,1,0,0,0,0
1456,400.0,179540,1,0,0,0,0
1302,436.0,176485,1,0,0,0,0
1340,396.0,181134,1,0,0,0,0
1412,432.0,156932,1,0,0,0,0
1504,440.0,166000,1,0,0,0,0
1456,400.0,177594,1,0,0,0,0
1258,462.0,173500,1,0,0,0,0
1258,648.0,172500,0,0,0,0,1
1402,648.0,194201,0,0,0,0,1
1589,630.0,226500,0,0,0,0,1
1266,388.0,185485,1,0,0,0,0
1530,630.0,259000,1,0,0,0,0
1119,437.0,188500,1,0,0,0,0
1374,400.0,175000,1,0,0,0,0
1959,434.0,215000,1,0,0,0,0
1525,534.0,206580,1,0,0,0,0
1720,440.0,183500,1,0,0,0,0
1394,400.0,165500,1,0,0,0,0
1948,434.0,211000,1,0,0,0,0
1690,463.0,181000,1,0,0,0,0
1995,435.0,219500,1,0,0,0,0
1647,460.0,175000,1,0,0,0,0
1430,400.0,170000,1,0,0,0,0
1320,400.0,162000,1,0,0,0,0
1690,442.0,187000,1,0,0,0,0
1644,460.0,185000,1,0,0,0,0
4476,813.0,745000,1,0,0,0,0
2551,925.0,384500,1,0,0,0,0
2285,648.0,248000,1,0,0,0,0
2633,804.0,466500,1,0,0,0,0
3078,806.0,410000,1,0,0,0,0
2582,758.0,322500,1,0,0,0,0
2385,600.0,252000,1,0,0,0,0
4316,832.0,755000,1,0,0,0,0
2013,455.0,269790,1,0,0,0,0
2398,834.0,315750,1,0,0,0,0
2520,721.0,290000,1,0,0,0,0
2531,752.0,290000,1,0,0,0,0
3228,546.0,430000,1,0,0,0,0
2202,517.0,263000,1,0,0,0,0
2538,933.0,330000,1,0,0,0,0
1369,605.0,213133,1,0,0,0,0
1542,852.0,260261,1,0,0,0,0
1905,788.0,320000,1,0,0,0,0
1464,754.0,282922,1,0,0,0,0
1534,484.0,215000,1,0,0,0,0
1966,1092.0,419005,1,0,0,0,0
1636,865.0,255000,1,0,0,0,0
1795,895.0,147000,1,0,0,0,0
1528,480.0,235876,1,0,0,0,0
1726,786.0,311872,1,0,0,0,0
1689,954.0,248328,1,0,0,0,0
1588,825.0,227000,1,0,0,0,0
1538,484.0,260000,1,0,0,0,0
1496,474.0,225000,1,0,0,0,0
1506,672.0,249000,1,0,0,0,0
1694,636.0,307000,1,0,0,0,0
1977,574.0,250000,1,0,0,0,0
1830,859.0,221300,1,0,0,0,0
1338,598.0,208900,1,0,0,0,0
1335,575.0,210400,1,0,0,0,0
1792,590.0,255000,1,0,0,0,0
1588,561.0,212109,1,0,0,0,0
1959,1025.0,270000,1,0,0,0,0
2610,550.0,303477,1,0,0,0,0
1880,880.0,310013,1,0,0,0,0
1656,826.0,249700,1,0,0,0,0
1761,578.0,227875,1,0,0,0,0
1584,594.0,261329,1,0,0,0,0
1685,658.0,253000,1,0,0,0,0
2443,744.0,265000,1,0,0,0,0
2466,610.0,340000,1,0,0,0,0
1100,0.0,146000,1,0,0,0,0
1143,0.0,147000,1,0,0,0,0
1094,576.0,149000,1,0,0,0,0
1486,566.0,181000,1,0,0,0,0
1721,471.0,201000,1,0,0,0,0
1820,492.0,191750,1,0,0,0,0
1349,539.0,179000,1,0,0,0,0
1494,514.0,215000,1,0,0,0,0
1575,529.0,179200,0,0,0,0,1
1266,283.0,128000,0,0,0,0,1
884,504.0,144000,1,0,0,0,0
2020,630.0,144000,0,0,1,0,0
894,308.0,120750,1,0,0,0,0
970,624.0,132500,1,0,0,0,0
1057,576.0,132000,1,0,0,0,0
999,264.0,132500,1,0,0,0,0
1120,544.0,129000,1,0,0,0,0
1696,349.0,143900,1,0,0,0,0
1040,686.0,145000,1,0,0,0,0
988,572.0,128500,1,0,0,0,0
902,288.0,125500,1,0,0,0,0
2503,564.0,300000,1,0,0,0,0
2167,518.0,294000,1,0,0,0,0
1037,431.0,129000,1,0,0,0,0
1701,611.0,171000,1,0,0,0,0
1055,542.0,147000,1,0,0,0,0
2810,750.0,302000,1,0,0,0,0
2872,541.0,285000,1,0,0,0,0
1378,540.0,214000,0,0,0,0,1
1151,484.0,166000,0,0,0,0,1
1565,476.0,193800,0,0,0,0,1
1352,466.0,208900,0,0,0,0,1
1352,466.0,194000,0,0,0,0,1
1550,528.0,207500,0,0,0,0,1
1241,569.0,199900,0,0,0,0,1
1250,528.0,164700,0,0,0,0,1
1501,440.0,176500,0,0,0,1,0
1458,440.0,176000,0,0,0,0,1
1512,440.0,168500,0,0,0,0,1
1573,440.0,177000,0,0,0,1,0
1525,440.0,177000,0,0,0,1,0
1102,480.0,148800,0,0,0,0,1
1441,492.0,174000,0,0,0,1,0
1950,576.0,239000,1,0,0,0,0
1358,625.0,204000,1,0,0,0,0
2048,552.0,301000,1,0,0,0,0
2362,1105.0,312500,1,0,0,0,0
1494,478.0,279700,0,0,0,0,1
2362,546.0,255000,1,0,0,0,0
1432,588.0,194000,1,0,0,0,0
1437,528.0,218000,1,0,0,0,0
1295,571.0,213750,0,0,0,0,1
1855,512.0,187000,1,0,0,0,0
1262,460.0,181500,1,0,0,0,0
2497,676.0,373000,1,0,0,0,0
2620,600.0,190000,0,0,1,0,0
1929,650.0,226000,1,0,0,0,0
1152,412.0,143450,1,0,0,0,0
2411,570.0,240050,1,0,0,0,0
1082,480.0,162500,1,0,0,0,0
1295,528.0,164000,1,0,0,0,0
1610,515.0,185000,1,0,0,0,0
1594,472.0,188500,1,0,0,0,0
2075,473.0,255000,1,0,0,0,0
1680,528.0,136905,0,0,1,0,0
1093,484.0,158500,1,0,0,0,0
1242,528.0,175500,1,0,0,0,0
1052,311.0,127000,1,0,0,0,0
1107,308.0,127000,1,0,0,0,0
1214,318.0,143000,1,0,0,0,0
1073,515.0,156000,1,0,0,0,0
1344,484.0,144000,1,0,0,0,0
1728,352.0,119000,0,0,1,0,0
1224,530.0,103000,0,0,1,0,0
1422,286.0,139900,1,0,0,0,0
958,301.0,151500,1,0,0,0,0
1065,461.0,126500,1,0,0,0,0
1138,264.0,145000,1,0,0,0,0
912,297.0,120000,1,0,0,0,0
1074,396.0,124000,1,0,0,0,0
882,294.0,106500,1,0,0,0,0
1187,440.0,140500,1,0,0,0,0
964,784.0,137500,1,0,0,0,0
894,312.0,117600,1,0,0,0,0
1200,440.0,163500,1,0,0,0,0
1042,440.0,161000,1,0,0,0,0
1302,309.0,158000,1,0,0,0,0
2154,539.0,224500,1,0,0,0,0
1374,286.0,147000,1,0,0,0,0
1652,510.0,200000,1,0,0,0,0
1429,572.0,181900,1,0,0,0,0
1327,624.0,150750,1,0,0,0,0
1224,462.0,101800,0,0,1,0,0
932,306.0,124000,1,0,0,0,0
908,512.0,138500,1,0,0,0,0
334,0.0,39300,1,0,0,0,0
666,0.0,64500,1,0,0,0,0
670,0.0,64000,1,0,0,0,0
808,308.0,112000,1,0,0,0,0
1977,540.0,165000,1,0,0,0,0
1150,288.0,144000,1,0,0,0,0
1920,400.0,137000,0,0,1,0,0
1376,240.0,105000,1,0,0,0,0
1644,312.0,146500,1,0,0,0,0
1560,792.0,126000,0,0,1,0,0
1280,432.0,175000,1,0,0,0,0
1254,525.0,158500,1,0,0,0,0
912,275.0,114500,1,0,0,0,0
1524,315.0,144000,1,0,0,0,0
2380,596.0,129000,1,0,0,0,0
936,315.0,141000,1,0,0,0,0
1008,308.0,131000,1,0,0,0,0
1053,692.0,142100,1,0,0,0,0
1056,308.0,139000,1,0,0,0,0
1442,301.0,157900,1,0,0,0,0
1056,260.0,139400,1,0,0,0,0
1244,336.0,150000,1,0,0,0,0
1144,336.0,120000,1,0,0,0,0
1721,464.0,174850,1,0,0,0,0
922,308.0,116000,1,0,0,0,0
1048,286.0,135000,1,0,0,0,0
1657,484.0,163500,1,0,0,0,0
1411,310.0,130000,1,0,0,0,0
1216,336.0,129500,1,0,0,0,0
1154,336.0,142000,1,0,0,0,0
1560,484.0,128600,0,0,1,0,0
948,410.0,125000,1,0,0,0,0
1040,293.0,136000,1,0,0,0,0
1008,240.0,134500,1,0,0,0,0
925,252.0,127000,1,0,0,0,0
1360,572.0,130000,1,0,0,0,0
1540,352.0,115000,1,0,0,0,0
925,390.0,116900,1,0,0,0,0
928,252.0,132000,1,0,0,0,0
1647,280.0,153000,1,0,0,0,0
924,420.0,112500,1,0,0,0,0
1544,0.0,138000,1,0,0,0,0
893,576.0,135000,1,0,0,0,0
1728,371.0,156000,1,0,0,0,0
3086,1200.0,301600,1,0,0,0,0
1034,240.0,109000,1,0,0,0,0
882,0.0,103200,1,0,0,0,0
1281,580.0,128500,1,0,0,0,0
968,216.0,64500,1,0,0,0,0
1534,0.0,148000,1,0,0,0,0
691,216.0,86000,1,0,0,0,0
1651,276.0,172000,1,0,0,0,0
888,240.0,120000,1,0,0,0,0
952,288.0,128500,1,0,0,0,0
2080,504.0,135000,1,0,0,0,0
924,576.0,122900,1,0,0,0,0
1082,240.0,119200,1,0,0,0,0
1846,315.0,143000,1,0,0,0,0
988,276.0,119000,1,0,0,0,0
1238,357.0,102000,1,0,0,0,0
864,720.0,129000,1,0,0,0,0
1134,254.0,135000,1,0,0,0,0
1040,286.0,152000,1,0,0,0,0
1170,338.0,140000,1,0,0,0,0
1242,324.0,152000,1,0,0,0,0
1377,351.0,156500,1,0,0,0,0
1800,0.0,141000,0,0,1,0,0
925,300.0,99000,1,0,0,0,0
1851,440.0,187000,1,0,0,0,0
1812,264.0,169500,1,0,0,0,0
864,294.0,125500,1,0,0,0,0
936,288.0,130000,1,0,0,0,0
960,576.0,103000,1,0,0,0,0
1432,360.0,132000,1,0,0,0,0
1296,576.0,127500,1,0,0,0,0
1022,184.0,89500,1,0,0,0,0
936,672.0,140000,0,0,1,0,0
967,180.0,99900,1,0,0,0,0
1047,273.0,100000,1,0,0,0,0
1072,379.0,130000,1,0,0,0,0
1174,576.0,135000,1,0,0,0,0
1183,308.0,120000,1,0,0,0,0
1131,672.0,89471,1,0,0,0,0
1141,252.0,85000,1,0,0,0,0
960,308.0,108500,1,0,0,0,0
1798,342.0,137000,1,0,0,0,0
866,0.0,110500,1,0,0,0,0
968,480.0,100000,1,0,0,0,0
1772,816.0,184900,1,0,0,0,0
1642,374.0,145000,1,0,0,0,0
1472,250.0,125000,1,0,0,0,0
1232,480.0,114000,1,0,0,0,0
2337,560.0,90000,0,1,0,0,0
1650,468.0,144100,1,0,0,0,0
2210,205.0,117500,1,0,0,0,0
1358,336.0,124500,1,0,0,0,0
2454,576.0,185000,1,0,0,0,0
2291,506.0,133900,0,1,0,0,0
1616,216.0,152000,1,0,0,0,0
1559,812.0,153500,1,0,0,0,0
2554,704.0,159500,1,0,0,0,0
1248,160.0,87000,1,0,0,0,0
968,331.0,104500,1,0,0,0,0
1382,384.0,110000,1,0,0,0,0
1060,308.0,136500,1,0,0,0,0
1435,308.0,128250,1,0,0,0,0
1167,495.0,144000,1,0,0,0,0
1635,440.0,210000,1,0,0,0,0
1274,224.0,135000,1,0,0,0,0
1232,217.0,128000,1,0,0,0,0
1218,440.0,131000,1,0,0,0,0
884,240.0,113000,1,0,0,0,0
1409,528.0,126000,1,0,0,0,0
1322,280.0,132000,1,0,0,0,0
1426,230.0,131750,1,0,0,0,0
1281,379.0,132500,1,0,0,0,0
1513,180.0,137500,1,0,0,0,0
854,576.0,132000,1,0,0,0,0
1367,560.0,127500,1,0,0,0,0
986,180.0,102000,1,0,0,0,0
2264,408.0,200000,1,0,0,0,0
1824,520.0,180500,1,0,0,0,0
1376,576.0,165000,1,0,0,0,0
1316,576.0,90000,1,0,0,0,0
1396,384.0,153575,1,0,0,0,0
1344,456.0,140000,1,0,0,0,0
2526,216.0,136000,1,0,0,0,0
1173,240.0,113000,1,0,0,0,0
1214,216.0,117000,1,0,0,0,0
1818,240.0,169500,1,0,0,0,0
1108,280.0,139400,1,0,0,0,0
2294,658.0,202500,1,0,0,0,0
1355,0.0,127000,1,0,0,0,0
1375,544.0,141000,1,0,0,0,0
1952,299.0,212300,1,0,0,0,0
2180,720.0,161000,1,0,0,0,0
1315,436.0,99500,0,1,0,0,0
1111,288.0,101000,1,0,0,0,0
1196,440.0,109900,1,0,0,0,0
1382,660.0,128500,1,0,0,0,0
1889,308.0,122000,0,1,0,0,0
840,0.0,87000,1,0,0,0,0
1484,264.0,50000,1,0,0,0,0
2267,498.0,219000,1,0,0,0,0
3086,0.0,200500,1,0,0,0,0
1134,240.0,126000,1,0,0,0,0
1282,240.0,108500,0,1,0,0,0
999,308.0,130000,0,1,0,0,0
1452,572.0,158450,1,0,0,0,0
1005,440.0,115400,1,0,0,0,0
1029,261.0,118500,1,0,0,0,0
1020,528.0,165000,1,0,0,0,0
1040,264.0,123000,1,0,0,0,0
913,240.0,129000,1,0,0,0,0
894,384.0,125000,1,0,0,0,0
948,300.0,108000,1,0,0,0,0
868,576.0,119900,0,1,0,0,0
897,264.0,115000,1,0,0,0,0
943,528.0,134500,1,0,0,0,0
955,386.0,127000,1,0,0,0,0
894,450.0,129000,1,0,0,0,0
1285,528.0,143500,1,0,0,0,0
912,315.0,129000,1,0,0,0,0
1375,323.0,187000,1,0,0,0,0
2654,638.0,158000,1,0,0,0,0
1416,576.0,112000,1,0,0,0,0
1302,224.0,165250,1,0,0,0,0
1299,494.0,150000,1,0,0,0,0
1176,303.0,137000,1,0,0,0,0
998,460.0,89500,1,0,0,0,0
1824,739.0,302000,1,0,0,0,0
1522,552.0,182000,1,0,0,0,0
2060,521.0,211000,1,0,0,0,0
1325,576.0,216000,1,0,0,0,0
1630,649.0,130000,1,0,0,0,0
1242,336.0,109900,1,0,0,0,0
2422,527.0,255000,1,0,0,0,0
2158,576.0,243000,1,0,0,0,0
1626,332.0,154000,1,0,0,0,0
864,399.0,118000,1,0,0,0,0
943,308.0,80000,1,0,0,0,0
1440,0.0,150000,0,0,1,0,0
605,0.0,86000,1,0,0,0,0
1038,264.0,130000,0,0,0,0,1
1342,256.0,125000,1,0,0,0,0
1480,253.0,136500,1,0,0,0,0
1362,280.0,96000,1,0,0,0,0
1340,252.0,120000,1,0,0,0,0
1822,515.0,228500,1,0,0,0,0
1442,719.0,179900,1,0,0,0,0
2243,746.0,225000,1,0,0,0,0
2730,576.0,301000,1,0,0,0,0
2127,833.0,238000,1,0,0,0,0
1982,575.0,228500,1,0,0,0,0
1958,499.0,220000,1,0,0,0,0
2696,792.0,383970,1,0,0,0,0
2828,1052.0,424870,1,0,0,0,0
1651,870.0,250000,1,0,0,0,0
2140,894.0,360000,1,0,0,0,0
1494,840.0,279500,1,0,0,0,0
1316,440.0,200141,1,0,0,0,0
1651,870.0,246500,1,0,0,0,0
2574,868.0,276000,1,0,0,0,0
1274,508.0,203000,1,0,0,0,0
1456,440.0,155835,1,0,0,0,0
1240,826.0,194000,1,0,0,0,0
1208,628.0,195400,1,0,0,0,0
1546,796.0,217000,1,0,0,0,0
1500,674.0,212999,1,0,0,0,0
1270,524.0,175900,1,0,0,0,0
1795,578.0,191000,1,0,0,0,0
1314,440.0,176432,1,0,0,0,0
2062,454.0,277000,1,0,0,0,0
1873,619.0,207000,1,0,0,0,0
2144,389.0,277000,1,0,0,0,0
1953,501.0,240000,1,0,0,0,0
2087,444.0,187500,1,0,0,0,0
1743,529.0,279000,1,0,0,0,0
1022,747.0,139500,1,0,0,0,0
990,299.0,126000,1,0,0,0,0
1200,521.0,177500,1,0,0,0,0
1308,497.0,175000,1,0,0,0,0
1796,546.0,211000,1,0,0,0,0
990,384.0,146000,1,0,0,0,0
1097,242.0,147900,1,0,0,0,0
990,0.0,123600,1,0,0,0,0
1786,684.0,204750,1,0,0,0,0
1873,597.0,235500,1,0,0,0,0
1753,534.0,217000,1,0,0,0,0
1690,517.0,190550,1,0,0,0,0
1842,486.0,217500,1,0,0,0,0
1479,558.0,226000,1,0,0,0,0
1668,500.0,180000,1,0,0,0,0
894,440.0,131000,1,0,0,0,0
1025,370.0,153500,1,0,0,0,0
1009,576.0,160000,1,0,0,0,0
1040,748.0,134900,1,0,0,0,0
907,308.0,130000,1,0,0,0,0
879,440.0,120000,1,0,0,0,0
882,461.0,112500,1,0,0,0,0
969,440.0,122000,1,0,0,0,0
864,576.0,127000,1,0,0,0,0
875,728.0,117000,1,0,0,0,0
2000,888.0,305900,1,0,0,0,0
2169,647.0,228500,1,0,0,0,0
1673,583.0,270000,1,0,0,0,0
1459,527.0,192000,1,0,0,0,0
1932,610.0,213000,1,0,0,0,0
1729,542.0,200000,1,0,0,0,0
2452,683.0,267000,1,0,0,0,0
1592,484.0,228000,1,0,0,0,0
2439,560.0,275000,1,0,0,0,0
1992,608.0,211000,1,0,0,0,0
1668,702.0,285000,1,0,0,0,0
2090,556.0,240000,1,0,0,0,0
848,420.0,131500,0,0,0,0,1
1341,482.0,246900,1,0,0,0,0
1928,434.0,219500,1,0,0,0,0
1337,531.0,185000,1,0,0,0,0
1476,552.0,179400,1,0,0,0,0
1797,639.0,213500,1,0,0,0,0
1422,626.0,179600,1,0,0,0,0
1190,578.0,173500,1,0,0,0,0
1330,437.0,167840,1,0,0,0,0
1491,484.0,168675,1,0,0,0,0
1536,400.0,167000,1,0,0,0,0
1214,461.0,140000,1,0,0,0,0
936,384.0,118500,1,0,0,0,0
1088,520.0,110000,1,0,0,0,0
960,432.0,94750,1,0,0,0,0
1351,576.0,122000,1,0,0,0,0
1179,622.0,110000,1,0,0,0,0
816,0.0,118500,0,0,1,0,0
1044,528.0,133500,1,0,0,0,0
1113,504.0,148000,1,0,0,0,0
2233,579.0,141000,0,0,1,0,0
1125,430.0,155000,1,0,0,0,0
1090,450.0,157000,1,0,0,0,0
1408,489.0,171500,1,0,0,0,0
5095,1154.0,183850,1,0,0,0,0
4676,884.0,184750,1,0,0,0,0
1072,525.0,140000,0,0,0,0,1
960,392.0,131750,1,0,0,0,0
1152,0.0,61500,0,0,1,0,0
948,248.0,111000,1,0,0,0,0
1195,0.0,98500,0,0,1,0,0
774,0.0,79000,1,0,0,0,0
865,216.0,108500,1,0,0,0,0
894,400.0,110000,1,0,0,0,0
1346,384.0,112000,1,0,0,0,0
768,355.0,125000,1,0,0,0,0
864,528.0,79275,1,0,0,0,0
948,280.0,119000,1,0,0,0,0
3395,0.0,200000,0,1,0,0,0
2592,0.0,150000,0,0,1,0,0
1502,180.0,165000,1,0,0,0,0
789,200.0,96500,1,0,0,0,0
1422,352.0,136500,1,0,0,0,0
1298,240.0,146500,1,0,0,0,0
1768,240.0,175000,1,0,0,0,0
1098,216.0,148500,1,0,0,0,0
1436,228.0,141500,1,0,0,0,0
1426,216.0,189950,1,0,0,0,0
1461,225.0,135000,1,0,0,0,0
1646,240.0,164000,1,0,0,0,0
694,352.0,90350,1,0,0,0,0
1250,552.0,139000,1,0,0,0,0
954,240.0,119750,1,0,0,0,0
1958,492.0,145000,0,0,1,0,0
2002,871.0,145000,0,0,1,0,0
1718,264.0,238000,1,0,0,0,0
1226,400.0,153500,1,0,0,0,0
2624,864.0,239000,1,0,0,0,0
3194,380.0,359100,1,0,0,0,0
1755,231.0,188000,1,0,0,0,0
1991,432.0,220000,1,0,0,0,0
1355,528.0,140000,0,1,0,0,0
2727,440.0,315000,1,0,0,0,0
2320,180.0,259500,1,0,0,0,0
1839,416.0,257500,1,0,0,0,0
1740,240.0,219500,1,0,0,0,0
2259,450.0,217000,1,0,0,0,0
1560,580.0,201000,1,0,0,0,0
1488,552.0,215000,1,0,0,0,0
1045,462.0,123900,0,0,0,1,0
1680,628.0,170000,1,0,0,0,0
1020,509.0,200000,0,0,0,0,1
1696,625.0,198000,1,0,0,0,0
2515,484.0,200624,1,0,0,0,0
2726,691.0,315000,1,0,0,0,0
1517,0.0,115000,1,0,0,0,0
1215,720.0,141000,1,0,0,0,0
803,360.0,87000,1,0,0,0,0
1601,0.0,129850,1,0,0,0,0
1123,264.0,100000,1,0,0,0,0
1828,0.0,150909,1,0,0,0,0
816,100.0,75200,1,0,0,0,0
1012,308.0,118400,1,0,0,0,0
1077,338.0,67000,1,0,0,0,0
1558,282.0,152000,1,0,0,0,0
845,256.0,68104,1,0,0,0,0
1991,0.0,119600,0,1,0,0,0
1073,720.0,140000,1,0,0,0,0
1001,216.0,124900,1,0,0,0,0
1625,495.0,375000,0,0,0,0,1
1625,538.0,235000,0,0,0,0,1
1299,486.0,183500,1,0,0,0,0
912,470.0,156000,1,0,0,0,0
1080,484.0,134000,1,0,0,0,0
1392,650.0,215000,1,0,0,0,0
1409,576.0,245000,1,0,0,0,0
1478,506.0,210000,1,0,0,0,0
918,360.0,148000,1,0,0,0,0
1026,528.0,143000,1,0,0,0,0
1501,512.0,244000,0,0,0,0,1
1502,286.0,330000,0,0,0,0,1
1328,308.0,170000,1,0,0,0,0
2279,461.0,257000,1,0,0,0,0
1689,433.0,231713,1,0,0,0,0
1564,502.0,267300,1,0,0,0,0
1484,472.0,265900,1,0,0,0,0
1571,722.0,239000,1,0,0,0,0
1646,870.0,248900,1,0,0,0,0
1240,528.0,174000,1,0,0,0,0
1717,400.0,187500,1,0,0,0,0
1756,422.0,204000,1,0,0,0,0
1312,471.0,180500,1,0,0,0,0
1146,438.0,187500,1,0,0,0,0
1922,692.0,282000,1,0,0,0,0
1491,571.0,178000,1,0,0,0,0
1629,808.0,270000,1,0,0,0,0
2486,452.0,279900,1,0,0,0,0
1572,995.0,186700,1,0,0,0,0
1776,712.0,283463,1,0,0,0,0
1824,932.0,392000,1,0,0,0,0
2482,642.0,281213,1,0,0,0,0
1120,0.0,147000,1,0,0,0,0
2034,1041.0,130000,1,0,0,0,0
936,460.0,140000,0,0,0,0,1
1040,648.0,132250,1,0,0,0,0
1632,576.0,143000,0,0,1,0,0
1622,1356.0,168000,0,1,0,0,0
1060,572.0,129900,0,0,0,0,1
1142,528.0,134000,0,0,0,0,1
1092,253.0,85500,0,0,0,1,0
992,297.0,106500,0,0,0,1,0
1092,0.0,93900,0,0,0,0,1
1092,286.0,75000,0,0,0,1,0
630,0.0,84500,0,0,0,1,0
1092,286.0,75190,0,0,0,1,0
1062,539.0,146800,1,0,0,0,0
1008,678.0,153500,1,0,0,0,0
1356,528.0,188000,1,0,0,0,0
1676,672.0,196000,1,0,0,0,0
1432,531.0,157000,1,0,0,0,0
796,0.0,138000,1,0,0,0,0
768,624.0,129500,1,0,0,0,0
1608,444.0,80000,1,0,0,0,0
845,360.0,129500,1,0,0,0,0
1178,502.0,135000,1,0,0,0,0
816,264.0,124500,1,0,0,0,0
816,264.0,139000,1,0,0,0,0
974,0.0,93500,1,0,0,0,0
887,288.0,124500,1,0,0,0,0
1293,452.0,149900,1,0,0,0,0
1024,313.0,157500,1,0,0,0,0
1797,963.0,169000,1,0,0,0,0
1390,550.0,252000,1,0,0,0,0
1851,506.0,192100,1,0,0,0,0
1525,400.0,183500,1,0,0,0,0
2236,642.0,222000,1,0,0,0,0
1671,423.0,170000,1,0,0,0,0
1498,409.0,187500,1,0,0,0,0
1776,443.0,202000,1,0,0,0,0
1511,413.0,185000,1,0,0,0,0
2462,576.0,320000,1,0,0,0,0
1670,690.0,240000,1,0,0,0,0
2064,527.0,250000,1,0,0,0,0
1801,800.0,239900,1,0,0,0,0
2212,773.0,309000,1,0,0,0,0
2021,422.0,274725,1,0,0,0,0
2687,618.0,270000,1,0,0,0,0
1169,402.0,183500,1,0,0,0,0
1501,420.0,165600,1,0,0,0,0
1632,462.0,176500,1,0,0,0,0
1204,461.0,130000,0,0,0,0,1
1767,504.0,239000,0,0,0,0,1
1742,564.0,275000,1,0,0,0,0
2798,670.0,457347,1,0,0,0,0
3390,758.0,545224,1,0,0,0,0
2473,675.0,356383,1,0,0,0,0
2868,716.0,556581,1,0,0,0,0
2576,666.0,361919,1,0,0,0,0
2698,736.0,535000,1,0,0,0,0
2795,660.0,401179,1,0,0,0,0
2945,641.0,438780,1,0,0,0,0
2320,672.0,169000,1,0,0,0,0
1056,572.0,145000,0,1,0,0,0
1714,517.0,318000,0,0,0,0,1
1826,758.0,319000,1,0,0,0,0
2000,722.0,470000,1,0,0,0,0
1621,440.0,202500,1,0,0,0,0
2183,786.0,229000,1,0,0,0,0
2263,539.0,235000,1,0,0,0,0
1574,566.0,190000,1,0,0,0,0
1102,582.0,169000,1,0,0,0,0
1872,604.0,241500,1,0,0,0,0
1857,482.0,188900,1,0,0,0,0
1686,612.0,207500,1,0,0,0,0
2784,564.0,250000,1,0,0,0,0
1552,434.0,179900,1,0,0,0,0
1083,596.0,172000,1,0,0,0,0
2318,541.0,294323,1,0,0,0,0
1875,485.0,184500,1,0,0,0,0
1074,495.0,153500,1,0,0,0,0
1664,528.0,162900,1,0,0,0,0
1309,484.0,181000,1,0,0,0,0
1103,462.0,155000,1,0,0,0,0
1096,299.0,138800,1,0,0,0,0
864,280.0,116050,1,0,0,0,0
858,0.0,88000,1,0,0,0,0
874,576.0,97500,1,0,0,0,0
1419,543.0,190000,0,0,0,0,1
1092,440.0,105500,0,0,0,0,1
1365,440.0,125500,0,0,0,0,1
987,264.0,83000,0,0,0,1,0
1030,264.0,116000,0,0,0,1,0
1218,0.0,91500,0,0,0,1,0
1218,264.0,118000,0,0,0,1,0
948,264.0,89000,0,0,0,1,0
1092,264.0,108000,0,0,0,1,0
987,288.0,94500,0,0,0,1,0
1069,440.0,146300,0,0,0,0,1
1387,300.0,145000,1,0,0,0,0
900,288.0,123000,1,0,0,0,0
1055,319.0,137500,0,0,0,1,0
1456,460.0,144000,0,0,0,1,0
1980,770.0,315000,1,0,0,0,0
2589,831.0,412083,1,0,0,0,0
2596,840.0,342643,1,0,0,0,0
1618,880.0,252000,1,0,0,0,0
2076,850.0,465000,1,0,0,0,0
1740,874.0,293000,1,0,0,0,0
1868,1085.0,415000,1,0,0,0,0
1850,772.0,326000,1,0,0,0,0
2376,853.0,325300,1,0,0,0,0
2452,691.0,309000,1,0,0,0,0
2206,670.0,300000,1,0,0,0,0
2098,878.0,275500,1,0,0,0,0
2091,521.0,338500,1,0,0,0,0
2324,736.0,345000,1,0,0,0,0
2253,575.0,344133,1,0,0,0,0
2389,672.0,298236,1,0,0,0,0
2358,784.0,329900,1,0,0,0,0
1944,708.0,360000,1,0,0,0,0
1970,753.0,281000,1,0,0,0,0
1792,925.0,372397,1,0,0,0,0
1780,816.0,378000,1,0,0,0,0
1792,874.0,374000,1,0,0,0,0
2728,706.0,437154,1,0,0,0,0
1904,736.0,275000,1,0,0,0,0
1914,746.0,279000,1,0,0,0,0
1364,484.0,185850,0,0,0,0,1
1565,556.0,282500,0,0,0,0,1
1368,474.0,202500,0,0,0,0,1
1368,474.0,202665,0,0,0,0,1
1686,899.0,332200,0,0,0,0,1
1666,575.0,310090,0,0,0,0,1
1405,478.0,171750,0,0,0,0,1
1316,397.0,169990,1,0,0,0,0
1456,390.0,170440,1,0,0,0,0
1492,440.0,169985,1,0,0,0,0
1496,426.0,179665,1,0,0,0,0
1863,660.0,219210,1,0,0,0,0
1326,427.0,174190,1,0,0,0,0
1456,429.0,172785,1,0,0,0,0
2373,632.0,258000,1,0,0,0,0
1492,440.0,185101,1,0,0,0,0
1364,437.0,210250,0,0,0,0,1
1557,420.0,234000,0,0,0,0,1
1456,400.0,215000,0,0,0,0,1
1511,398.0,246990,0,0,0,0,1
1414,398.0,178740,0,0,0,0,1
1548,388.0,225000,0,0,0,0,1
1248,438.0,167240,0,0,0,0,1
1142,440.0,156820,0,0,0,0,1
1506,440.0,213490,0,0,0,0,1
1567,648.0,264561,0,0,0,0,1
1500,648.0,246578,0,0,0,0,1
1838,372.0,192140,1,0,0,0,0
1509,393.0,183200,1,0,0,0,0
1414,403.0,178000,1,0,0,0,0
1598,433.0,201490,1,0,0,0,0
1936,504.0,230500,1,0,0,0,0
1509,393.0,180000,1,0,0,0,0
1664,460.0,172400,1,0,0,0,0
1889,431.0,215000,1,0,0,0,0
1886,431.0,199900,1,0,0,0,0
1671,472.0,173000,1,0,0,0,0
2322,617.0,287602,1,0,0,0,0
2291,429.0,230000,1,0,0,0,0
2392,870.0,348000,1,0,0,0,0
1976,885.0,286000,1,0,0,0,0
2234,768.0,300000,1,0,0,0,0
3627,807.0,625000,1,0,0,0,0
2855,774.0,405000,1,0,0,0,0
1924,592.0,280000,1,0,0,0,0
2263,420.0,258000,1,0,0,0,0
2726,725.0,350000,1,0,0,0,0
3500,959.0,584500,1,0,0,0,0
2494,803.0,321000,1,0,0,0,0
2526,844.0,290000,1,0,0,0,0
2799,704.0,315000,1,0,0,0,0
1964,760.0,252000,1,0,0,0,0
1670,928.0,336820,1,0,0,0,0
2097,1134.0,423000,1,0,0,0,0
1660,500.0,290000,1,0,0,0,0
1616,834.0,232000,1,0,0,0,0
1504,510.0,199000,1,0,0,0,0
1278,584.0,198600,1,0,0,0,0
2640,792.0,405749,1,0,0,0,0
1489,776.0,232600,1,0,0,0,0
1939,1053.0,266000,1,0,0,0,0
1553,615.0,186500,1,0,0,0,0
1716,615.0,200825,1,0,0,0,0
1576,614.0,197000,1,0,0,0,0
1262,572.0,185000,1,0,0,0,0
1266,453.0,176000,1,0,0,0,0
1301,572.0,187750,1,0,0,0,0
1142,0.0,139500,1,0,0,0,0
1400,612.0,186800,1,0,0,0,0
1131,0.0,132000,1,0,0,0,0
1141,484.0,142500,1,0,0,0,0
1158,576.0,158000,1,0,0,0,0
1686,462.0,184000,1,0,0,0,0
1585,449.0,184900,1,0,0,0,0
1837,688.0,187000,1,0,0,0,0
1603,484.0,175900,1,0,0,0,0
1731,462.0,248500,1,0,0,0,0
1398,542.0,172000,0,0,0,0,1
1217,484.0,151000,0,0,0,0,1
1320,472.0,150000,1,0,0,0,0
1056,384.0,107000,1,0,0,0,0
965,300.0,119900,1,0,0,0,0
988,624.0,129500,1,0,0,0,0
1728,504.0,125000,0,0,1,0,0
1654,528.0,119500,0,0,1,0,0
1211,576.0,144000,1,0,0,0,0
1212,492.0,151000,1,0,0,0,0
984,310.0,126000,1,0,0,0,0
909,294.0,116000,1,0,0,0,0
925,484.0,133500,1,0,0,0,0
1024,308.0,120875,1,0,0,0,0
935,288.0,137000,1,0,0,0,0
912,0.0,124000,1,0,0,0,0
1236,288.0,135000,1,0,0,0,0
941,288.0,129200,1,0,0,0,0
2646,550.0,260000,1,0,0,0,0
2417,462.0,260000,1,0,0,0,0
2826,888.0,334000,1,0,0,0,0
2520,796.0,310000,1,0,0,0,0
2295,590.0,268000,1,0,0,0,0
1624,757.0,262000,1,0,0,0,0
1143,588.0,176400,0,0,0,0,1
1247,550.0,197000,0,0,0,0,1
1200,480.0,151000,0,0,0,0,1
1223,480.0,147400,0,0,0,1,0
1223,480.0,149900,0,0,0,1,0
1200,480.0,144152,0,0,0,0,1
1524,440.0,166000,0,0,0,0,1
1452,506.0,183900,0,0,0,0,1
1382,490.0,165000,0,0,0,1,0
1080,496.0,139000,0,0,0,0,1
1694,434.0,200000,1,0,0,0,0
1568,564.0,221000,1,0,0,0,0
1494,481.0,270000,0,0,0,0,1
1208,546.0,165000,1,0,0,0,0
1235,484.0,214000,0,0,0,1,0
1036,484.0,188000,0,0,0,1,0
1226,484.0,190000,0,0,0,0,1
1226,484.0,170000,0,0,0,1,0
1842,894.0,385000,1,0,0,0,0
1193,501.0,146500,0,1,0,0,0
1920,487.0,170000,1,0,0,0,0
2156,508.0,262500,1,0,0,0,0
1416,776.0,179900,1,0,0,0,0
2654,619.0,250000,1,0,0,0,0
1790,484.0,165150,1,0,0,0,0
1334,477.0,164500,1,0,0,0,0
1164,528.0,140000,1,0,0,0,0
980,384.0,135500,1,0,0,0,0
1051,504.0,142000,1,0,0,0,0
1770,530.0,155000,1,0,0,0,0
976,504.0,157500,1,0,0,0,0
1052,288.0,138500,1,0,0,0,0
898,326.0,140000,1,0,0,0,0
1051,264.0,124400,1,0,0,0,0
1141,568.0,158000,1,0,0,0,0
1200,884.0,146000,1,0,0,0,0
1993,495.0,190000,1,0,0,0,0
1050,368.0,136500,1,0,0,0,0
864,624.0,129900,1,0,0,0,0
1712,588.0,145000,0,0,1,0,0
1565,299.0,185900,0,1,0,0,0
1251,461.0,160000,1,0,0,0,0
1488,430.0,167000,1,0,0,0,0
1440,480.0,157500,1,0,0,0,0
1095,264.0,140000,0,1,0,0,0
1053,750.0,150000,1,0,0,0,0
1248,286.0,151500,1,0,0,0,0
816,240.0,129800,1,0,0,0,0
1008,275.0,137000,1,0,0,0,0
1043,273.0,137000,1,0,0,0,0
1230,305.0,121600,1,0,0,0,0
869,0.0,85500,1,0,0,0,0
747,528.0,79900,1,0,0,0,0
1252,576.0,127000,1,0,0,0,0
1433,441.0,161000,1,0,0,0,0
1624,240.0,146500,1,0,0,0,0
1216,280.0,135000,1,0,0,0,0
2136,528.0,137900,1,0,0,0,0
1578,240.0,133000,1,0,0,0,0
1728,234.0,137000,1,0,0,0,0
936,240.0,121000,1,0,0,0,0
1584,506.0,119000,0,0,1,0,0
1246,441.0,172000,1,0,0,0,0
1235,480.0,98600,1,0,0,0,0
2157,487.0,226000,1,0,0,0,0
1128,286.0,118000,1,0,0,0,0
3112,795.0,235000,1,0,0,0,0
1008,430.0,135000,1,0,0,0,0
1190,540.0,132500,0,0,1,0,0
1144,796.0,143000,1,0,0,0,0
1364,331.0,132000,1,0,0,0,0
1383,292.0,145250,1,0,0,0,0
1336,488.0,162000,1,0,0,0,0
1370,300.0,148000,1,0,0,0,0
1092,299.0,141000,1,0,0,0,0
1124,353.0,153000,1,0,0,0,0
1236,447.0,134450,1,0,0,0,0
943,600.0,135960,0,0,1,0,0
1050,286.0,156000,1,0,0,0,0
1375,451.0,140000,1,0,0,0,0
1008,280.0,139500,1,0,0,0,0
1575,400.0,155000,1,0,0,0,0
1145,684.0,127000,1,0,0,0,0
1005,319.0,133500,1,0,0,0,0
1056,300.0,125000,1,0,0,0,0
884,270.0,142000,1,0,0,0,0
2039,791.0,167000,1,0,0,0,0
1384,896.0,159000,1,0,0,0,0
2640,1008.0,180000,0,1,0,0,0
1312,649.0,127000,1,0,0,0,0
1310,398.0,112000,1,0,0,0,0
713,371.0,99800,1,0,0,0,0
833,326.0,117000,1,0,0,0,0
1073,326.0,108480,1,0,0,0,0
715,660.0,68000,1,0,0,0,0
720,280.0,86900,1,0,0,0,0
1130,720.0,120000,1,0,0,0,0
1595,528.0,155500,1,0,0,0,0
1760,648.0,80000,1,0,0,0,0
1214,936.0,105000,1,0,0,0,0
2414,520.0,160000,0,1,0,0,0
1466,566.0,170000,1,0,0,0,0
1324,440.0,160000,1,0,0,0,0
1086,484.0,159950,1,0,0,0,0
1146,294.0,165000,1,0,0,0,0
1734,440.0,159000,1,0,0,0,0
1207,264.0,147000,1,0,0,0,0
912,288.0,115000,1,0,0,0,0
1194,539.0,159500,1,0,0,0,0
864,288.0,120000,1,0,0,0,0
816,308.0,129900,1,0,0,0,0
1773,418.0,183000,1,0,0,0,0
1472,484.0,157500,1,0,0,0,0
2448,441.0,277500,1,0,0,0,0
1600,319.0,207500,1,0,0,0,0
1521,597.0,147500,1,0,0,0,0
1192,0.0,135000,1,0,0,0,0
1040,625.0,109500,1,0,0,0,0
1040,420.0,109900,1,0,0,0,0
1040,286.0,133700,1,0,0,0,0
1040,400.0,81400,0,0,1,0,0
1040,400.0,87500,0,0,1,0,0
1040,400.0,93500,0,0,1,0,0
1556,0.0,119000,0,0,1,0,0
1150,300.0,141000,1,0,0,0,0
1150,288.0,146000,1,0,0,0,0
1348,453.0,155000,1,0,0,0,0
999,300.0,134500,1,0,0,0,0
1045,528.0,120000,1,0,0,0,0
864,336.0,105000,1,0,0,0,0
1025,0.0,124000,0,1,0,0,0
2014,624.0,169000,1,0,0,0,0
1328,210.0,107000,1,0,0,0,0
1668,240.0,135000,1,0,0,0,0
1657,162.0,111500,1,0,0,0,0
1416,400.0,156500,1,0,0,0,0
1641,546.0,178000,1,0,0,0,0
1428,576.0,139900,1,0,0,0,0
1004,200.0,105000,1,0,0,0,0
813,270.0,110000,1,0,0,0,0
1951,576.0,111500,0,1,0,0,0
1032,280.0,108000,1,0,0,0,0
844,216.0,111500,1,0,0,0,0
1750,240.0,124000,1,0,0,0,0
864,528.0,105000,1,0,0,0,0
1118,440.0,116000,1,0,0,0,0
1376,216.0,96900,1,0,0,0,0
960,576.0,135500,0,1,0,0,0
1566,450.0,139000,1,0,0,0,0
492,200.0,61500,1,0,0,0,0
1182,378.0,120000,1,0,0,0,0
1163,220.0,126175,1,0,0,0,0
840,250.0,64000,1,0,0,0,0
1928,440.0,137000,0,1,0,0,0
1774,779.0,87000,1,0,0,0,0
1768,320.0,163000,1,0,0,0,0
2104,432.0,155000,1,0,0,0,0
1440,352.0,79000,1,0,0,0,0
1690,225.0,144000,1,0,0,0,0
1368,216.0,114504,1,0,0,0,0
1762,576.0,157000,1,0,0,0,0
1200,312.0,125000,1,0,0,0,0
3608,840.0,475000,1,0,0,0,0
1248,0.0,93500,0,0,1,0,0
960,624.0,125000,1,0,0,0,0
1020,0.0,64500,1,0,0,0,0
788,0.0,100000,1,0,0,0,0
1577,312.0,140200,1,0,0,0,0
1827,240.0,202500,1,0,0,0,0
1664,420.0,159000,1,0,0,0,0
1118,410.0,119900,0,1,0,0,0
1176,528.0,114500,1,0,0,0,0
1344,240.0,115000,1,0,0,0,0
1162,258.0,75000,1,0,0,0,0
1015,450.0,88000,1,0,0,0,0
912,0.0,80500,1,0,0,0,0
1576,225.0,149000,1,0,0,0,0
1324,180.0,110000,1,0,0,0,0
1103,440.0,110500,1,0,0,0,0
616,205.0,89000,1,0,0,0,0
1048,280.0,113000,1,0,0,0,0
816,210.0,109000,1,0,0,0,0
2486,576.0,220000,1,0,0,0,0
960,576.0,129000,0,1,0,0,0
1635,255.0,117000,1,0,0,0,0
693,0.0,52500,1,0,0,0,0
1430,370.0,107000,1,0,0,0,0
1330,390.0,116500,1,0,0,0,0
819,0.0,72000,1,0,0,0,0
1376,198.0,119500,1,0,0,0,0
1360,297.0,125500,1,0,0,0,0
1077,210.0,91000,1,0,0,0,0
754,0.0,84500,0,1,0,0,0
984,308.0,90000,1,0,0,0,0
1422,288.0,137500,1,0,0,0,0
1921,576.0,150000,0,0,1,0,0
1640,394.0,131000,1,0,0,0,0
1352,288.0,130000,1,0,0,0,0
1032,260.0,125000,1,0,0,0,0
879,180.0,80000,1,0,0,0,0
1073,246.0,157000,1,0,0,0,0
1382,459.0,148000,1,0,0,0,0
1296,516.0,90000,0,0,1,0,0
1068,264.0,154500,1,0,0,0,0
1064,528.0,153600,1,0,0,0,0
1320,564.0,164500,1,0,0,0,0
934,336.0,132000,1,0,0,0,0
1059,286.0,142500,1,0,0,0,0
1159,336.0,158000,1,0,0,0,0
1400,440.0,149500,1,0,0,0,0
1458,512.0,165000,1,0,0,0,0
1721,440.0,180000,1,0,0,0,0
1040,616.0,160500,1,0,0,0,0
1967,580.0,156500,0,0,1,0,0
1949,586.0,157000,0,0,1,0,0
1920,451.0,172500,1,0,0,0,0
1803,484.0,155000,1,0,0,0,0
1779,454.0,170000,1,0,0,0,0
872,322.0,105000,1,0,0,0,0
960,364.0,145000,1,0,0,0,0
1437,576.0,168000,1,0,0,0,0
1830,521.0,278000,1,0,0,0,0
1000,575.0,164000,1,0,0,0,0
2287,667.0,225000,1,0,0,0,0
810,576.0,130000,1,0,0,0,0
894,440.0,142500,1,0,0,0,0
1700,450.0,148400,0,0,0,1,0
1453,445.0,190000,1,0,0,0,0
1350,504.0,146000,1,0,0,0,0
1150,215.0,128000,1,0,0,0,0
2008,230.0,225000,1,0,0,0,0
2201,432.0,274970,1,0,0,0,0
2009,795.0,235000,1,0,0,0,0
3672,836.0,415000,1,0,0,0,0
1560,528.0,182000,1,0,0,0,0
1488,569.0,135000,1,0,0,0,0
1057,288.0,137000,1,0,0,0,0
1855,325.0,136900,1,0,0,0,0
1609,305.0,149900,1,0,0,0,0
1148,308.0,123500,1,0,0,0,0
1124,0.0,93000,1,0,0,0,0
1456,280.0,91500,1,0,0,0,0
1298,403.0,180000,1,0,0,0,0
2559,506.0,209000,1,0,0,0,0
1911,471.0,215000,1,0,0,0,0
1440,920.0,224500,0,0,1,0,0
1876,848.0,229800,1,0,0,0,0
1208,632.0,183600,1,0,0,0,0
1220,632.0,194000,1,0,0,0,0
1294,662.0,193879,1,0,0,0,0
1614,865.0,221500,1,0,0,0,0
1498,675.0,204900,1,0,0,0,0
1962,868.0,239799,1,0,0,0,0
1846,495.0,233555,1,0,0,0,0
1734,660.0,260000,1,0,0,0,0
1590,754.0,294900,1,0,0,0,0
1809,638.0,209700,1,0,0,0,0
1614,576.0,225000,1,0,0,0,0
1596,610.0,181000,1,0,0,0,0
1915,506.0,220000,1,0,0,0,0
1582,390.0,190000,1,0,0,0,0
988,540.0,180000,1,0,0,0,0
1533,576.0,280000,1,0,0,0,0
1388,522.0,158900,1,0,0,0,0
914,576.0,148000,1,0,0,0,0
1100,462.0,145000,1,0,0,0,0
1499,473.0,187000,1,0,0,0,0
1425,591.0,193000,1,0,0,0,0
990,576.0,156000,1,0,0,0,0
1525,541.0,235000,1,0,0,0,0
1494,576.0,217000,1,0,0,0,0
1588,472.0,214000,1,0,0,0,0
1749,515.0,196000,1,0,0,0,0
1779,586.0,217000,1,0,0,0,0
1861,492.0,200000,1,0,0,0,0
1776,474.0,192500,1,0,0,0,0
1541,843.0,205000,1,0,0,0,0
954,576.0,132500,1,0,0,0,0
1388,317.0,157500,1,0,0,0,0
1282,672.0,174000,1,0,0,0,0
971,300.0,128500,1,0,0,0,0
864,288.0,128500,1,0,0,0,0
894,552.0,149900,1,0,0,0,0
864,297.0,119900,1,0,0,0,0
1320,484.0,137000,0,0,0,1,0
1989,586.0,255000,1,0,0,0,0
1762,591.0,222000,1,0,0,0,0
1755,530.0,214000,1,0,0,0,0
1358,418.0,220000,1,0,0,0,0
1787,748.0,275000,1,0,0,0,0
1909,529.0,197000,1,0,0,0,0
1654,900.0,230000,1,0,0,0,0
2214,646.0,268500,1,0,0,0,0
2049,467.0,210900,1,0,0,0,0
1939,555.0,227000,1,0,0,0,0
1995,610.0,237000,1,0,0,0,0
2097,583.0,274300,1,0,0,0,0
1836,484.0,216837,1,0,0,0,0
848,420.0,133000,0,0,0,0,1
848,420.0,155900,0,0,0,0,1
1919,685.0,233230,1,0,0,0,0
1390,545.0,207000,1,0,0,0,0
1948,434.0,195000,1,0,0,0,0
1700,544.0,200000,1,0,0,0,0
1737,578.0,203160,1,0,0,0,0
1611,572.0,195800,1,0,0,0,0
1552,782.0,212900,1,0,0,0,0
1720,565.0,196500,1,0,0,0,0
1336,502.0,198000,1,0,0,0,0
1500,564.0,173900,1,0,0,0,0
1456,390.0,163990,1,0,0,0,0
1310,400.0,164990,1,0,0,0,0
1436,528.0,98000,1,0,0,0,0
1466,528.0,149900,1,0,0,0,0
1220,396.0,102000,1,0,0,0,0
1012,0.0,127500,0,0,1,0,0
980,0.0,127500,0,0,1,0,0
1176,360.0,119900,1,0,0,0,0
1724,616.0,196500,1,0,0,0,0
914,0.0,117250,1,0,0,0,0
2314,502.0,229000,1,0,0,0,0
1072,525.0,145000,0,0,0,0,1
1072,525.0,140000,0,0,0,0,1
1072,525.0,142500,0,0,0,0,1
1709,380.0,134000,0,0,0,1,0
1709,380.0,130000,0,0,0,1,0
1709,380.0,130000,0,0,0,1,0
1709,380.0,137500,0,0,0,1,0
1708,380.0,130000,0,0,0,0,1
936,265.0,97900,1,0,0,0,0
1338,528.0,92000,1,0,0,0,0
1669,288.0,107000,1,0,0,0,0
1184,0.0,81000,1,0,0,0,0
1221,392.0,104900,1,0,0,0,0
864,572.0,115000,1,0,0,0,0
1482,609.0,125000,1,0,0,0,0
1250,280.0,116000,1,0,0,0,0
1414,0.0,83000,1,0,0,0,0
2230,440.0,118500,1,0,0,0,0
498,216.0,35000,1,0,0,0,0
1273,275.0,121000,1,0,0,0,0
1928,0.0,160000,0,1,0,0,0
1595,240.0,140000,1,0,0,0,0
1551,240.0,137000,1,0,0,0,0
1340,440.0,128000,0,1,0,0,0
1479,312.0,160000,1,0,0,0,0
1784,180.0,138887,1,0,0,0,0
1510,216.0,149000,1,0,0,0,0
1522,0.0,102000,1,0,0,0,0
1636,288.0,167000,1,0,0,0,0
1802,216.0,200100,1,0,0,0,0
1465,240.0,131000,1,0,0,0,0
1288,240.0,112000,1,0,0,0,0
1717,642.0,140000,1,0,0,0,0
1550,318.0,195000,1,0,0,0,0
1517,400.0,230000,1,0,0,0,0
1717,410.0,194000,1,0,0,0,0
1180,252.0,137500,1,0,0,0,0
2057,180.0,250000,1,0,0,0,0
1671,451.0,218000,1,0,0,0,0
2345,360.0,239000,1,0,0,0,0
1609,579.0,199500,1,0,0,0,0
1801,365.0,210000,1,0,0,0,0
1811,470.0,230000,1,0,0,0,0
1647,621.0,217500,1,0,0,0,0
2315,342.0,257000,1,0,0,0,0
1336,375.0,157000,0,1,0,0,0
1844,540.0,223000,1,0,0,0,0
976,215.0,102000,1,0,0,0,0
1285,506.0,145400,1,0,0,0,0
672,0.0,72000,1,0,0,0,0
641,272.0,85000,1,0,0,0,0
951,327.0,106500,1,0,0,0,0
1638,384.0,139000,1,0,0,0,0
1336,570.0,108000,1,0,0,0,0
729,0.0,51689,1,0,0,0,0
480,308.0,35311,1,0,0,0,0
1396,0.0,115000,0,1,0,0,0
936,0.0,78000,1,0,0,0,0
1778,495.0,375000,0,0,0,0,1
1646,525.0,300000,0,0,0,0,1
1625,576.0,242500,1,0,0,0,0
1664,616.0,145000,0,0,1,0,0
1491,490.0,209000,1,0,0,0,0
1004,504.0,135000,0,0,1,0,0
1210,528.0,148000,1,0,0,0,0
1959,766.0,171000,0,0,1,0,0
2519,628.0,335000,1,0,0,0,0
1295,312.0,230000,0,0,0,0,1
1650,518.0,250764,1,0,0,0,0
1707,511.0,228000,1,0,0,0,0
1137,551.0,176000,1,0,0,0,0
1339,484.0,180000,1,0,0,0,0
2514,693.0,250000,1,0,0,0,0
1403,470.0,202000,1,0,0,0,0
1800,765.0,312500,1,0,0,0,0
1960,714.0,320000,1,0,0,0,0
2028,880.0,369900,1,0,0,0,0
1838,682.0,359900,1,0,0,0,0
1600,270.0,81500,1,0,0,0,0
1368,784.0,215000,0,0,1,0,0
1216,402.0,164000,0,0,0,1,0
1337,405.0,153500,0,0,0,0,1
1140,0.0,84500,1,0,0,0,0
1304,336.0,104500,0,0,0,0,1
1475,336.0,127000,0,0,0,0,1
2521,576.0,151400,0,0,0,0,1
874,288.0,126500,1,0,0,0,0
1652,928.0,146500,0,0,1,0,0
630,0.0,73000,0,0,0,1,0
1092,253.0,79400,0,0,0,0,1
1360,336.0,140000,1,0,0,0,0
630,0.0,92000,0,0,0,1,0
1092,286.0,87550,0,0,0,1,0
1092,0.0,79500,0,0,0,1,0
1092,0.0,90500,0,0,0,1,0
1092,286.0,71000,0,0,0,0,1
1728,574.0,150900,0,0,1,0,0
1728,560.0,188000,0,0,1,0,0
1126,484.0,160000,1,0,0,0,0
1224,576.0,131000,1,0,0,0,0
1003,588.0,142500,1,0,0,0,0
902,484.0,131000,1,0,0,0,0
970,0.0,132000,1,0,0,0,0
1389,418.0,170000,1,0,0,0,0
2000,650.0,188000,1,0,0,0,0
