Lot Area,Gr Liv Area,SalePrice,1Fam,2fmCon,Duplex,Twnhs,TwnhsE
31770,1656,215000,1,0,0,0,0
11622,896,105000,1,0,0,0,0
14267,1329,172000,1,0,0,0,0
11160,2110,244000,1,0,0,0,0
13830,1629,189900,1,0,0,0,0
9978,1604,195500,1,0,0,0,0
4920,1338,213500,0,0,0,0,1
5005,1280,191500,0,0,0,0,1
5389,1616,236500,0,0,0,0,1
7500,1804,189000,1,0,0,0,0
10000,1655,175900,1,0,0,0,0
7980,1187,185000,1,0,0,0,0
8402,1465,180400,1,0,0,0,0
10176,1341,171500,1,0,0,0,0
6820,1502,212000,0,0,0,0,1
53504,3279,538000,1,0,0,0,0
12134,1752,164000,1,0,0,0,0
11394,1856,394432,1,0,0,0,0
19138,864,141000,1,0,0,0,0
13175,2073,210000,1,0,0,0,0
11751,1844,190000,1,0,0,0,0
10625,1173,170000,1,0,0,0,0
7500,1674,216000,1,0,0,0,0
11241,1004,149000,1,0,0,0,0
12537,1078,149900,1,0,0,0,0
8450,1056,142000,1,0,0,0,0
8400,882,126000,1,0,0,0,0
10500,864,115000,1,0,0,0,0
5858,1337,184000,0,0,0,0,1
1680,987,96000,0,0,0,1,0
1680,1092,105500,0,0,0,1,0
1680,1092,88000,0,0,0,1,0
4043,1069,127500,0,0,0,0,1
2280,1456,149900,0,0,0,1,0
2280,836,120000,0,0,0,1,0
2280,1456,146000,0,0,0,1,0
12858,2334,376162,1,0,0,0,0
11478,1704,306000,1,0,0,0,0
10159,1940,395192,1,0,0,0,0
12883,1544,290941,1,0,0,0,0
12182,1541,220000,1,0,0,0,0
11520,1698,275000,1,0,0,0,0
14122,1822,259000,1,0,0,0,0
10171,1535,214000,1,0,0,0,0
12919,2364,611657,1,0,0,0,0
6371,1358,224000,0,0,0,0,1
14300,2696,500000,1,0,0,0,0
13650,2250,320000,1,0,0,0,0
7658,1752,319900,0,0,0,0,1
7132,1370,205000,0,0,0,0,1
2628,1626,175500,0,0,0,1,0
18494,1324,199500,1,0,0,0,0
3203,1145,160000,0,0,0,0,1
3182,1269,192000,0,0,0,0,1
13300,1374,184500,1,0,0,0,0
7851,1960,216500,1,0,0,0,0
8577,1733,185088,1,0,0,0,0
7750,1430,180000,1,0,0,0,0
9505,2035,222500,1,0,0,0,0
14774,2599,333168,1,0,0,0,0
17433,2475,355000,1,0,0,0,0
10593,1720,260400,1,0,0,0,0
12256,2622,325000,1,0,0,0,0
11764,2270,290000,1,0,0,0,0
16770,1839,221000,1,0,0,0,0
14720,3238,410000,1,0,0,0,0
8987,1595,221500,1,0,0,0,0
9215,1218,204500,1,0,0,0,0
8640,1547,215200,1,0,0,0,0
9000,1566,262500,1,0,0,0,0
12552,1947,254900,1,0,0,0,0
10440,1468,271500,1,0,0,0,0
10142,2084,233000,1,0,0,0,0
11920,1659,181000,1,0,0,0,0
8880,2110,205000,1,0,0,0,0
8012,923,143000,0,0,0,0,1
11218,1845,189000,1,0,0,0,0
7892,918,99500,0,0,0,0,1
7175,752,125000,0,0,0,0,1
9453,1744,194500,1,0,0,0,0
9672,1097,152000,1,0,0,0,0
8400,1564,171000,1,0,0,0,0
9800,1012,67500,1,0,0,0,0
8930,1902,112000,0,0,1,0,0
11782,1155,148000,1,0,0,0,0
8450,894,138500,1,0,0,0,0
9819,900,122000,1,0,0,0,0
7500,1040,133000,1,0,0,0,0
6897,1040,127000,1,0,0,0,0
15410,1494,169000,1,0,0,0,0
10186,1923,190000,1,0,0,0,0
13143,2349,362500,1,0,0,0,0
11134,2225,285000,1,0,0,0,0
4835,1488,260000,0,0,0,0,1
3515,1680,190000,0,0,0,0,1
3215,1200,155000,0,0,0,0,1
3182,1200,151000,0,0,0,0,1
2544,1200,149500,0,0,0,1,0
2544,1236,152000,0,0,0,1,0
4403,1478,222000,1,0,0,0,0
2117,1573,177500,0,0,0,1,0
2980,1512,177000,0,0,0,0,1
2572,1416,155000,0,0,0,1,0
2403,1080,147110,0,0,0,0,1
12853,1418,267916,1,0,0,0,0
7379,1848,254000,1,0,0,0,0
4420,788,155000,0,0,0,0,1
3880,1226,206000,0,0,0,1,0
13517,1479,130500,1,0,0,0,0
8000,1492,230000,1,0,0,0,0
10456,1829,218500,1,0,0,0,0
10791,2495,243500,1,0,0,0,0
10603,1610,205000,1,0,0,0,0
18837,1891,212500,1,0,0,0,0
10421,1714,196500,1,0,0,0,0
9360,1381,197500,1,0,0,0,0
9600,1645,171000,1,0,0,0,0
9600,1232,142250,1,0,0,0,0
9790,1328,143000,1,0,0,0,0
9320,1225,128950,1,0,0,0,0
9900,1209,159000,1,0,0,0,0
9680,1510,178900,1,0,0,0,0
10600,1775,136300,1,0,0,0,0
14112,1152,180500,1,0,0,0,0
8800,1054,137500,1,0,0,0,0
13260,1728,84900,0,0,1,0,0
9717,1078,142125,1,0,0,0,0
9724,2461,197600,1,0,0,0,0
17360,1556,172500,1,0,0,0,0
7207,858,116500,1,0,0,0,0
5350,1306,76500,1,0,0,0,0
9920,1063,128000,1,0,0,0,0
9600,1520,153000,1,0,0,0,0
7800,1268,132000,1,0,0,0,0
11380,1128,178000,1,0,0,0,0
11600,2274,154300,0,0,1,0,0
19900,2207,180000,1,0,0,0,0
16492,1888,190000,1,0,0,0,0
8267,1604,135000,0,0,1,0,0
8197,1480,214000,1,0,0,0,0
8050,1143,136000,1,0,0,0,0
10552,1700,165500,1,0,0,0,0
8400,1314,145000,1,0,0,0,0
8760,1194,148000,1,0,0,0,0
12160,1188,142000,1,0,0,0,0
9300,1264,167500,1,0,0,0,0
10725,1206,108538,1,0,0,0,0
10032,1580,159500,1,0,0,0,0
8382,1337,108000,1,0,0,0,0
10950,1064,135000,1,0,0,0,0
10895,972,122500,1,0,0,0,0
13587,988,119000,0,1,0,0,0
7922,1057,109000,1,0,0,0,0
7898,985,105000,1,0,0,0,0
7200,827,107500,1,0,0,0,0
10200,1086,144900,1,0,0,0,0
5868,936,129000,1,0,0,0,0
17503,1458,97500,1,0,0,0,0
6979,1056,144000,0,0,1,0,0
9830,1287,162000,1,0,0,0,0
11275,2978,242000,1,0,0,0,0
8064,1224,132000,1,0,0,0,0
7500,1246,154000,1,0,0,0,0
8520,1385,166000,1,0,0,0,0
7200,900,134800,1,0,0,0,0
10000,1116,160000,1,0,0,0,0
7635,1175,148000,1,0,0,0,0
9760,1395,192000,1,0,0,0,0
7700,1839,155000,1,0,0,0,0
4800,1844,80400,1,0,0,0,0
8800,1140,96500,1,0,0,0,0
4485,936,109500,1,0,0,0,0
8960,1028,115000,1,0,0,0,0
5805,1347,143000,1,0,0,0,0
5790,1605,107400,1,0,0,0,0
4608,747,80000,1,0,0,0,0
7200,804,119000,1,0,0,0,0
5500,1316,130000,1,0,0,0,0
6900,1251,119000,1,0,0,0,0
11851,1633,129000,1,0,0,0,0
8239,1245,100000,1,0,0,0,0
9656,832,12789,1,0,0,0,0
8520,720,105900,1,0,0,0,0
9600,1566,150000,1,0,0,0,0
10800,1652,139000,1,0,0,0,0
9000,2268,240000,1,0,0,0,0
9045,2256,76500,0,1,0,0,0
7407,1236,149700,1,0,0,0,0
7740,1363,125500,1,0,0,0,0
11340,2290,122500,0,1,0,0,0
10560,1470,140750,1,0,0,0,0
5830,1612,128500,1,0,0,0,0
7793,2068,209500,1,0,0,0,0
5000,765,87000,1,0,0,0,0
6000,1132,134000,1,0,0,0,0
6000,1196,128000,1,0,0,0,0
6360,1453,132000,1,0,0,0,0
6000,1416,139900,1,0,0,0,0
6240,1040,123900,1,0,0,0,0
6240,1536,138400,1,0,0,0,0
6120,1068,109500,1,0,0,0,0
10300,1710,140000,1,0,0,0,0
8094,1962,149500,1,0,0,0,0
12900,1560,159900,1,0,0,0,0
3068,1324,122000,1,0,0,0,0
8472,816,110000,0,0,1,0,0
5600,1092,55000,0,1,0,0,0
7630,1812,140000,0,1,0,0,0
24090,2403,244400,1,0,0,0,0
15263,1675,173000,1,0,0,0,0
10632,1224,107500,1,0,0,0,0
9900,1392,100000,0,1,0,0,0
6001,919,95000,1,0,0,0,0
6449,1884,93369,1,0,0,0,0
6048,1680,114900,0,1,0,0,0
6342,1020,94000,1,0,0,0,0
10773,1832,136000,0,0,1,0,0
10778,1768,136500,0,0,1,0,0
11625,1039,131500,0,1,0,0,0
11341,1392,121500,1,0,0,0,0
8521,912,125000,1,0,0,0,0
8246,1060,154000,1,0,0,0,0
7800,892,137900,1,0,0,0,0
9364,1352,158000,1,0,0,0,0
7832,864,137250,1,0,0,0,0
7424,1373,160250,0,0,1,0,0
11227,1440,163000,1,0,0,0,0
11616,1386,158900,1,0,0,0,0
14000,2260,328000,1,0,0,0,0
20062,1483,270000,1,0,0,0,0
9259,756,85000,1,0,0,0,0
9600,1067,128000,1,0,0,0,0
23595,1524,260000,1,0,0,0,0
17082,1981,230000,1,0,0,0,0
18600,1610,124000,1,0,0,0,0
10625,835,83000,1,0,0,0,0
11479,1074,144500,1,0,0,0,0
9571,1144,129000,1,0,0,0,0
9350,1531,127000,1,0,0,0,0
9525,1172,128000,1,0,0,0,0
10420,1212,186000,1,0,0,0,0
17485,1508,308030,1,0,0,0,0
11200,1298,114000,1,0,0,0,0
11100,930,84900,1,0,0,0,0
9206,1732,178000,1,0,0,0,0
11980,1433,270000,1,0,0,0,0
12361,1802,218000,1,0,0,0,0
9938,1949,236000,1,0,0,0,0
9069,996,147000,1,0,0,0,0
10475,1694,245350,1,0,0,0,0
6762,1208,206000,1,0,0,0,0
10402,1226,198900,1,0,0,0,0
7360,1222,187000,1,0,0,0,0
12376,3222,320000,1,0,0,0,0
14235,1445,138500,1,0,0,0,0
8816,1052,155000,1,0,0,0,0
11105,965,159000,1,0,0,0,0
9337,1692,191000,1,0,0,0,0
8750,1682,200500,1,0,0,0,0
15240,1026,150000,1,0,0,0,0
10900,1392,161750,1,0,0,0,0
10650,894,128200,1,0,0,0,0
7480,876,127000,1,0,0,0,0
10389,1978,318000,1,0,0,0,0
11423,1601,272000,1,0,0,0,0
9548,1829,237000,1,0,0,0,0
9375,2098,240000,1,0,0,0,0
12137,1661,224900,1,0,0,0,0
4435,848,143750,0,0,0,0,1
4426,848,143000,0,0,0,0,1
10635,1668,232000,1,0,0,0,0
8400,1484,213000,1,0,0,0,0
8773,1414,185500,1,0,0,0,0
8777,640,84900,1,0,0,0,0
8842,992,155891,1,0,0,0,0
9825,1664,100000,0,0,1,0,0
10044,1196,144000,1,0,0,0,0
11792,1120,64000,1,0,0,0,0
6305,1096,125200,1,0,0,0,0
7819,1117,107000,1,0,0,0,0
6410,960,90000,1,0,0,0,0
8546,1121,140000,1,0,0,0,0
8741,1487,113000,1,0,0,0,0
12180,924,80000,0,1,0,0,0
8562,1526,144500,1,0,0,0,0
4853,1296,104000,1,0,0,0,0
6858,1647,128000,1,0,0,0,0
8212,864,58500,1,0,0,0,0
5000,1691,127000,1,0,0,0,0
7890,856,126000,1,0,0,0,0
7200,2650,160000,0,0,1,0,0
9839,1666,100000,1,0,0,0,0
9638,2447,169000,1,0,0,0,0
10452,2133,257500,1,0,0,0,0
15600,2177,215000,0,0,1,0,0
9042,2340,266500,1,0,0,0,0
17500,1902,335000,1,0,0,0,0
19645,1652,203135,1,0,0,0,0
3907,1034,185000,0,0,0,0,1
3907,1191,162500,0,0,0,0,1
15602,1801,289000,1,0,0,0,0
5436,1154,125500,1,0,0,0,0
8154,540,82000,1,0,0,0,0
9140,1107,110000,1,0,0,0,0
7500,1128,68400,1,0,0,0,0
8712,1178,102776,1,0,0,0,0
8712,1044,55993,1,0,0,0,0
8712,952,50138,1,0,0,0,0
3811,1646,246000,0,0,0,0,1
11050,1916,254900,1,0,0,0,0
9620,1285,190000,1,0,0,0,0
9196,1560,201000,1,0,0,0,0
12328,1034,169900,1,0,0,0,0
12760,2048,170000,0,0,1,0,0
57200,1687,160000,1,0,0,0,0
11896,1346,220000,1,0,0,0,0
9803,1214,179781,1,0,0,0,0
9802,1444,174000,1,0,0,0,0
12003,1968,269500,1,0,0,0,0
11316,1894,214900,1,0,0,0,0
14191,1908,202900,1,0,0,0,0
13214,2018,378500,1,0,0,0,0
15300,1264,169000,1,0,0,0,0
10114,1430,173500,1,0,0,0,0
9400,1824,139000,0,0,1,0,0
11875,1344,166500,1,0,0,0,0
1974,1092,83500,0,0,0,0,1
2394,945,119500,0,0,0,1,0
2592,1112,85000,0,0,0,0,1
1476,1092,76000,0,0,0,1,0
1491,630,75500,0,0,0,0,1
1900,1092,88250,0,0,0,0,1
1890,1092,85500,0,0,0,0,1
6953,874,130000,1,0,0,0,0
26142,1188,157900,1,0,0,0,0
12887,833,149900,1,0,0,0,0
7700,2432,159000,0,0,1,0,0
10475,1274,136000,1,0,0,0,0
10544,1479,161000,1,0,0,0,0
9892,1803,285000,1,0,0,0,0
12961,1797,231000,1,0,0,0,0
13008,882,124500,1,0,0,0,0
10200,1434,157000,1,0,0,0,0
13860,2704,345000,1,0,0,0,0
10179,1608,189500,1,0,0,0,0
11792,2283,270000,1,0,0,0,0
8400,1628,189000,1,0,0,0,0
14892,1746,377500,1,0,0,0,0
8530,1474,168500,1,0,0,0,0
7296,2522,375000,0,0,0,0,1
5664,1659,278000,0,0,0,0,1
7380,1478,240000,1,0,0,0,0
8013,1734,239500,0,0,0,0,1
8923,1382,177500,1,0,0,0,0
10141,1718,185000,1,0,0,0,0
7500,1636,191000,1,0,0,0,0
7837,1571,178000,1,0,0,0,0
9765,1470,185000,1,0,0,0,0
8803,1516,181316,1,0,0,0,0
7250,1190,166000,1,0,0,0,0
9636,1593,178000,1,0,0,0,0
8125,1481,174000,1,0,0,0,0
9248,1167,173000,1,0,0,0,0
10762,1983,225000,1,0,0,0,0
11851,1442,180500,1,0,0,0,0
5814,1360,187500,0,0,0,0,1
17423,2234,501837,1,0,0,0,0
11844,2046,372500,1,0,0,0,0
16158,1530,260000,1,0,0,0,0
11900,1934,185000,1,0,0,0,0
13005,2353,260000,1,0,0,0,0
17043,1586,181000,1,0,0,0,0
11900,1411,82500,1,0,0,0,0
16635,1602,215000,1,0,0,0,0
13250,2050,154000,1,0,0,0,0
10928,1671,200000,1,0,0,0,0
12388,2673,249000,1,0,0,0,0
14115,1472,187500,1,0,0,0,0
11088,1707,184000,1,0,0,0,0
9600,2524,278000,1,0,0,0,0
11880,1601,157000,1,0,0,0,0
10400,1370,152000,1,0,0,0,0
10304,1868,197500,1,0,0,0,0
7000,1884,240900,1,0,0,0,0
8004,1935,263435,1,0,0,0,0
7500,1874,220000,1,0,0,0,0
8470,1811,235000,1,0,0,0,0
9373,1621,213000,1,0,0,0,0
10140,1116,167900,1,0,0,0,0
11050,1193,158000,1,0,0,0,0
10140,1350,165000,1,0,0,0,0
10448,2119,158000,1,0,0,0,0
9000,1792,136000,0,0,1,0,0
8750,1002,148500,1,0,0,0,0
7930,1026,156000,1,0,0,0,0
7830,1180,128000,1,0,0,0,0
8510,1050,143000,1,0,0,0,0
7038,864,76500,1,0,0,0,0
6960,864,120500,1,0,0,0,0
8120,864,124500,1,0,0,0,0
10500,864,97000,1,0,0,0,0
9000,864,130000,1,0,0,0,0
1680,987,111000,0,0,0,1,0
2368,1365,125000,0,0,0,0,1
1680,1302,112000,0,0,0,1,0
1680,987,97000,0,0,0,1,0
1680,987,118000,0,0,0,1,0
1680,1302,119500,0,0,0,1,0
4928,958,143750,0,0,0,0,1
2308,1548,146000,0,0,0,0,1
2280,1456,148500,0,0,0,1,0
2280,1055,123000,0,0,0,1,0
2308,1322,147000,0,0,0,0,1
2349,1456,137900,0,0,0,1,0
2364,1548,147000,0,0,0,0,1
2289,1441,148500,0,0,0,1,0
2364,1456,138000,0,0,0,0,1
2104,836,128500,0,0,0,0,1
7150,892,100000,1,0,0,0,0
10710,1120,148800,1,0,0,0,0
12456,1718,337500,1,0,0,0,0
14257,2772,462000,1,0,0,0,0
13518,3140,485000,1,0,0,0,0
15431,2402,555000,1,0,0,0,0
13173,1652,325000,1,0,0,0,0
14230,1600,256300,1,0,0,0,0
12704,2042,253293,1,0,0,0,0
12350,2690,398800,1,0,0,0,0
11308,2184,335000,1,0,0,0,0
12350,2020,404000,1,0,0,0,0
12220,2020,402861,1,0,0,0,0
13478,2296,451950,1,0,0,0,0
13693,2674,610000,1,0,0,0,0
13891,2822,582933,1,0,0,0,0
11578,1736,360000,1,0,0,0,0
16870,1782,296000,1,0,0,0,0
23303,2520,409900,1,0,0,0,0
11146,1717,255500,1,0,0,0,0
10367,1743,335000,1,0,0,0,0
9591,1713,274900,1,0,0,0,0
10872,1531,300000,1,0,0,0,0
13514,1808,324000,1,0,0,0,0
8834,2224,350000,1,0,0,0,0
11362,1836,280000,1,0,0,0,0
10655,1629,284000,1,0,0,0,0
12878,1760,269500,1,0,0,0,0
9541,1502,233170,1,0,0,0,0
13472,2392,386250,1,0,0,0,0
15274,2452,445000,1,0,0,0,0
13262,2400,290000,1,0,0,0,0
9658,1606,255900,1,0,0,0,0
6904,1358,213000,0,0,0,0,1
5381,1306,196000,0,0,0,1,0
5122,1306,184500,0,0,0,1,0
10307,1358,212500,0,0,0,0,1
5001,1314,230000,0,0,0,1,0
14836,2492,552000,1,0,0,0,0
15262,2200,382500,1,0,0,0,0
7390,1884,320000,0,0,0,0,1
6472,1456,248500,0,0,0,0,1
16770,1712,286500,1,0,0,0,0
6240,1324,254000,0,0,0,0,1
3480,1405,173000,0,0,0,0,1
2268,1626,173000,0,0,0,1,0
10928,1456,184000,1,0,0,0,0
8918,1490,167800,1,0,0,0,0
12589,1484,174000,1,0,0,0,0
11911,1560,174000,1,0,0,0,0
3684,1555,174000,0,0,0,0,1
3635,1569,175900,0,0,0,0,1
3182,1555,192500,0,0,0,0,1
3182,1504,181000,0,0,0,0,1
3182,1220,180000,0,0,0,0,1
3182,1145,160200,0,0,0,0,1
7795,1432,188500,1,0,0,0,0
8068,2267,200000,1,0,0,0,0
9434,1374,170000,1,0,0,0,0
7984,1630,189500,1,0,0,0,0
7750,1419,184100,1,0,0,0,0
10125,1594,195500,1,0,0,0,0
8965,1489,192000,1,0,0,0,0
8174,1342,178000,1,0,0,0,0
5063,1314,207500,0,0,0,1,0
8795,2256,236000,1,0,0,0,0
12891,2004,257500,1,0,0,0,0
12224,2054,244000,1,0,0,0,0
9734,1374,167000,1,0,0,0,0
8123,1800,179000,1,0,0,0,0
8433,1514,190000,1,0,0,0,0
7750,1430,156000,1,0,0,0,0
15896,2312,245000,1,0,0,0,0
24682,1675,181000,1,0,0,0,0
8755,2060,214000,1,0,0,0,0
7848,1430,168000,1,0,0,0,0
9430,2365,337000,1,0,0,0,0
15138,2794,403000,1,0,0,0,0
12720,2687,327000,1,0,0,0,0
16545,2450,340000,1,0,0,0,0
12203,2612,336000,1,0,0,0,0
10208,2344,265000,1,0,0,0,0
10750,2063,315000,1,0,0,0,0
9900,2646,260000,1,0,0,0,0
9085,2061,260000,1,0,0,0,0
11692,2232,263550,1,0,0,0,0
46589,2448,402000,1,0,0,0,0
29959,1850,248000,1,0,0,0,0
9612,1468,244600,1,0,0,0,0
11194,1696,275000,1,0,0,0,0
10206,1658,257500,1,0,0,0,0
9262,1578,287090,1,0,0,0,0
10130,1702,275500,1,0,0,0,0
9139,1432,245000,1,0,0,0,0
9675,1971,253000,1,0,0,0,0
11128,2490,468000,1,0,0,0,0
8640,1852,252678,1,0,0,0,0
9000,1590,210000,1,0,0,0,0
7862,1218,208300,1,0,0,0,0
7993,1436,225000,1,0,0,0,0
8640,1314,229456,1,0,0,0,0
8640,1402,229800,1,0,0,0,0
12606,1530,250000,1,0,0,0,0
9187,1766,370878,1,0,0,0,0
7500,1448,238500,1,0,0,0,0
11003,2007,310000,1,0,0,0,0
10603,1795,270000,1,0,0,0,0
10574,1953,252000,1,0,0,0,0
8125,1550,241000,1,0,0,0,0
8125,1836,264500,1,0,0,0,0
10625,1662,291000,1,0,0,0,0
9375,2094,263000,1,0,0,0,0
7500,1221,185000,1,0,0,0,0
8736,1553,234500,1,0,0,0,0
8127,1653,209000,1,0,0,0,0
9605,1218,159000,1,0,0,0,0
7500,1141,152000,1,0,0,0,0
7500,1158,143500,1,0,0,0,0
10628,1812,193000,1,0,0,0,0
10141,1512,203000,1,0,0,0,0
10083,1200,184900,1,0,0,0,0
13072,1114,159000,1,0,0,0,0
13072,1114,142000,1,0,0,0,0
12450,1114,153000,1,0,0,0,0
7328,1450,224243,1,0,0,0,0
11492,2122,220000,1,0,0,0,0
10994,1844,257000,1,0,0,0,0
8529,1434,189000,1,0,0,0,0
7703,1730,171500,1,0,0,0,0
10762,1217,120000,0,0,0,0,1
7175,1332,145000,0,0,0,0,1
9109,1540,184000,1,0,0,0,0
10274,1400,162000,1,0,0,0,0
8250,1882,160000,0,0,1,0,0
8400,841,82000,1,0,0,0,0
9000,784,76000,1,0,0,0,0
9750,980,110000,1,0,0,0,0
7064,980,135000,1,0,0,0,0
8499,864,141000,1,0,0,0,0
9079,864,122000,1,0,0,0,0
9316,1020,124100,1,0,0,0,0
7791,912,129000,1,0,0,0,0
10000,1144,131400,1,0,0,0,0
8281,864,62383,1,0,0,0,0
7150,912,123000,1,0,0,0,0
15676,2014,275000,1,0,0,0,0
11949,1755,235000,1,0,0,0,0
2880,3005,280750,0,0,0,1,0
3951,1224,164500,0,0,0,0,1
3000,1224,173733,0,0,0,0,1
3830,1726,222000,0,0,0,0,1
4217,1256,195000,0,0,0,0,1
3230,1471,172500,0,0,0,0,1
2998,1512,180000,0,0,0,0,1
3768,1452,156000,0,0,0,0,1
2645,1739,172500,0,0,0,1,0
14694,1694,318750,1,0,0,0,0
3782,1226,211500,0,0,0,0,1
15417,1740,241600,1,0,0,0,0
9600,2499,180500,1,0,0,0,0
9991,1620,150000,1,0,0,0,0
11700,1556,154000,1,0,0,0,0
11717,1442,185000,1,0,0,0,0
9156,1489,185750,1,0,0,0,0
10382,2090,200000,1,0,0,0,0
12732,2067,206000,1,0,0,0,0
12936,1395,162000,1,0,0,0,0
10400,2640,256900,1,0,0,0,0
17871,1724,197900,1,0,0,0,0
9600,1336,163000,1,0,0,0,0
9000,1216,113000,1,0,0,0,0
13774,2288,230000,1,0,0,0,0
9650,1334,167900,1,0,0,0,0
10140,1680,213250,1,0,0,0,0
8400,1665,227000,1,0,0,0,0
7130,864,130000,1,0,0,0,0
9600,1568,143000,1,0,0,0,0
9100,925,117500,1,0,0,0,0
9600,2061,168500,1,0,0,0,0
16500,1320,172500,1,0,0,0,0
9790,1342,161500,1,0,0,0,0
7436,894,141500,1,0,0,0,0
8125,864,118000,1,0,0,0,0
9100,864,127500,1,0,0,0,0
9450,1362,140000,1,0,0,0,0
13495,1728,177625,1,0,0,0,0
11475,1776,110000,0,0,1,0,0
10004,1516,167000,1,0,0,0,0
9350,1313,153000,1,0,0,0,0
10500,1292,145100,1,0,0,0,0
11000,1154,154000,1,0,0,0,0
8970,2140,177500,1,0,0,0,0
12095,1445,158000,1,0,0,0,0
9600,1041,124500,1,0,0,0,0
11475,1576,174500,1,0,0,0,0
9768,960,122000,1,0,0,0,0
5330,708,82500,1,0,0,0,0
7015,1203,110000,1,0,0,0,0
12160,1505,149500,1,0,0,0,0
9900,1691,175000,1,0,0,0,0
9600,1644,167000,1,0,0,0,0
9600,1050,128900,1,0,0,0,0
9600,1668,140000,1,0,0,0,0
9600,1113,147000,1,0,0,0,0
8944,1584,124000,0,0,1,0,0
10573,1453,187500,1,0,0,0,0
9500,1394,159000,1,0,0,0,0
14695,1567,256000,1,0,0,0,0
13600,1986,205000,1,0,0,0,0
13000,2142,193500,1,0,0,0,0
13560,1392,110000,1,0,0,0,0
12513,1738,104900,1,0,0,0,0
8760,1144,150000,1,0,0,0,0
8400,1478,156500,1,0,0,0,0
12285,1329,176000,1,0,0,0,0
9240,988,149500,1,0,0,0,0
9600,1632,139000,1,0,0,0,0
12400,1215,155000,1,0,0,0,0
8750,1202,120000,1,0,0,0,0
8750,1382,153000,1,0,0,0,0
10400,1200,144000,1,0,0,0,0
19296,1382,176000,1,0,0,0,0
8532,1297,153000,1,0,0,0,0
9482,1866,135000,0,0,1,0,0
8128,1062,131000,1,0,0,0,0
10634,1319,123000,1,0,0,0,0
13070,1112,126000,1,0,0,0,0
10434,1005,115000,1,0,0,0,0
14559,1363,164900,1,0,0,0,0
8480,793,113000,1,0,0,0,0
7626,1031,145500,1,0,0,0,0
9533,1210,102900,1,0,0,0,0
10615,1699,95000,0,1,0,0,0
11419,1527,152500,1,0,0,0,0
9600,1200,129900,1,0,0,0,0
8000,972,132000,1,0,0,0,0
5470,792,99900,1,0,0,0,0
10410,1656,135000,1,0,0,0,0
10800,1352,149000,1,0,0,0,0
8146,1039,114000,1,0,0,0,0
9022,792,109500,1,0,0,0,0
10230,1078,125000,1,0,0,0,0
10410,2377,142900,1,0,0,0,0
7200,1690,156500,1,0,0,0,0
5400,599,59000,1,0,0,0,0
5400,1374,105000,1,0,0,0,0
10800,846,106000,1,0,0,0,0
10800,725,78500,1,0,0,0,0
9671,2544,190000,0,0,1,0,0
10143,1380,154000,1,0,0,0,0
11500,1040,163000,1,0,0,0,0
11643,2634,200000,0,0,1,0,0
8010,951,143500,1,0,0,0,0
10454,1105,135000,1,0,0,0,0
8712,1306,153000,1,0,0,0,0
17600,1478,157500,1,0,0,0,0
9000,1142,113500,1,0,0,0,0
12144,1268,133000,1,0,0,0,0
8544,1040,92900,0,0,1,0,0
8064,1133,128500,1,0,0,0,0
7200,1040,90000,0,0,1,0,0
7200,1904,138000,1,0,0,0,0
7350,1041,128000,1,0,0,0,0
7560,1339,139000,1,0,0,0,0
7200,732,118900,1,0,0,0,0
8000,1183,138000,1,0,0,0,0
7931,1148,132500,1,0,0,0,0
10800,1461,133500,1,0,0,0,0
8064,1495,135000,1,0,0,0,0
7570,1806,144750,1,0,0,0,0
8604,941,145000,0,0,1,0,0
7936,1045,127000,1,0,0,0,0
6600,894,109500,1,0,0,0,0
3950,1224,115000,1,0,0,0,0
10440,1230,110000,1,0,0,0,0
4080,1378,128900,1,0,0,0,0
10307,1944,103500,0,0,1,0,0
5720,1131,66500,1,0,0,0,0
15660,1306,130000,1,0,0,0,0
9900,1464,129000,1,0,0,0,0
6406,1558,150000,1,0,0,0,0
6600,2372,107500,1,0,0,0,0
7627,1701,94550,0,1,0,0,0
7596,1960,124500,0,0,1,0,0
3378,1389,135000,1,0,0,0,0
10134,1447,103000,1,0,0,0,0
6000,936,93000,0,1,0,0,0
6000,1328,129500,1,0,0,0,0
6000,1387,93000,0,1,0,0,0
7404,861,80000,1,0,0,0,0
5925,612,45000,1,0,0,0,0
5925,968,37900,1,0,0,0,0
5784,886,91300,1,0,0,0,0
8520,792,99500,1,0,0,0,0
4456,1452,113000,0,1,0,0,0
9600,1510,87500,1,0,0,0,0
3500,1284,110000,1,0,0,0,0
8100,2138,106000,1,0,0,0,0
11700,2640,265979,1,0,0,0,0
8400,2007,160000,1,0,0,0,0
3600,1288,119000,1,0,0,0,0
17671,1742,168000,1,0,0,0,0
3300,816,58500,1,0,0,0,0
9000,1482,143000,1,0,0,0,0
7200,1022,85000,1,0,0,0,0
8820,1869,124900,1,0,0,0,0
5400,1480,119000,1,0,0,0,0
9720,1521,146500,1,0,0,0,0
7879,720,34900,1,0,0,0,0
9392,797,44000,1,0,0,0,0
21384,1576,223500,1,0,0,0,0
6615,1432,149000,1,0,0,0,0
7264,1548,205000,1,0,0,0,0
4960,1654,137000,1,0,0,0,0
8854,952,121000,1,0,0,0,0
6000,1324,128000,1,0,0,0,0
6000,1176,134900,1,0,0,0,0
6000,1348,117000,1,0,0,0,0
6000,1412,132500,1,0,0,0,0
6000,1142,93000,1,0,0,0,0
6000,904,119000,1,0,0,0,0
6911,1301,100000,1,0,0,0,0
6120,1539,141500,1,0,0,0,0
6120,1573,133000,1,0,0,0,0
6120,800,60000,1,0,0,0,0
6120,875,105000,1,0,0,0,0
6120,995,115000,1,0,0,0,0
6120,1582,150000,1,0,0,0,0
8635,1072,126500,1,0,0,0,0
11888,2134,214500,1,0,0,0,0
11414,2019,167500,1,0,0,0,0
8094,1768,155000,1,0,0,0,0
2500,1826,155000,1,0,0,0,0
9928,1944,179900,1,0,0,0,0
5520,2229,104000,1,0,0,0,0
3000,2128,62500,0,0,1,0,0
6876,1930,149000,1,0,0,0,0
6240,1208,103000,1,0,0,0,0
5775,1427,123000,1,0,0,0,0
5852,1864,97500,0,1,0,0,0
5160,1666,135000,1,0,0,0,0
5160,892,70000,1,0,0,0,0
10320,1403,116000,0,1,0,0,0
4280,704,88750,1,0,0,0,0
10800,1200,179000,0,0,1,0,0
10800,1200,179000,0,0,1,0,0
10547,1152,159900,0,0,1,0,0
10020,904,61000,1,0,0,0,0
6629,1369,103600,1,0,0,0,0
9780,1112,63000,1,0,0,0,0
12886,1464,175000,1,0,0,0,0
8816,1121,139000,1,0,0,0,0
11184,1683,172500,1,0,0,0,0
11625,1052,113500,1,0,0,0,0
7800,899,130000,1,0,0,0,0
8014,1034,149900,1,0,0,0,0
7252,858,134900,1,0,0,0,0
8740,860,137000,1,0,0,0,0
11616,1092,139000,1,0,0,0,0
15400,1774,165000,1,0,0,0,0
15312,1138,148000,1,0,0,0,0
15584,2071,165000,1,0,0,0,0
9000,660,63900,1,0,0,0,0
11250,1788,161500,1,0,0,0,0
25095,1473,143000,1,0,0,0,0
17140,1229,135000,1,0,0,0,0
12342,861,82500,1,0,0,0,0
10708,1867,190000,1,0,0,0,0
13680,1733,139600,1,0,0,0,0
15635,1383,122000,1,0,0,0,0
9855,1689,127500,1,0,0,0,0
9571,1073,121500,1,0,0,0,0
9571,1276,60000,1,0,0,0,0
9350,1639,154400,1,0,0,0,0
9340,672,113000,1,0,0,0,0
7440,1089,125000,1,0,0,0,0
11500,845,84000,1,0,0,0,0
4235,1049,139500,0,0,0,0,1
11409,1716,131000,1,0,0,0,0
9060,1258,105000,1,0,0,0,0
9084,1510,108000,1,0,0,0,0
10778,1061,162000,1,0,0,0,0
19255,1338,156500,1,0,0,0,0
12327,2132,316600,1,0,0,0,0
14684,2196,271900,1,0,0,0,0
9317,1775,213000,1,0,0,0,0
10560,1879,239900,1,0,0,0,0
9828,2020,239500,1,0,0,0,0
26400,2016,131000,1,0,0,0,0
7018,1535,118964,0,0,1,0,0
7018,1224,153337,0,0,1,0,0
7018,2228,147983,0,0,1,0,0
7018,1535,118858,0,0,1,0,0
7018,1535,118858,0,0,1,0,0
7018,2240,142953,0,0,1,0,0
7040,1229,148325,0,0,1,0,0
7007,1513,113722,0,0,1,0,0
11855,2787,269500,0,0,1,0,0
7939,2787,269500,0,0,1,0,0
7976,2787,269500,0,0,1,0,0
10933,1680,323262,1,0,0,0,0
10637,1718,297000,1,0,0,0,0
10226,1630,295493,1,0,0,0,0
10816,1720,332000,1,0,0,0,0
9178,1468,239900,1,0,0,0,0
10769,1768,212000,1,0,0,0,0
11422,1838,272500,1,0,0,0,0
11923,1800,239000,1,0,0,0,0
8814,1604,220000,1,0,0,0,0
6762,1290,200000,1,0,0,0,0
10324,1254,221800,1,0,0,0,0
7314,1232,194500,1,0,0,0,0
11645,1498,237000,1,0,0,0,0
11646,1422,173000,1,0,0,0,0
12800,1644,275000,1,0,0,0,0
16698,1759,233500,1,0,0,0,0
28698,2126,185000,1,0,0,0,0
12464,1040,152000,1,0,0,0,0
9757,990,143000,1,0,0,0,0
15426,1764,231500,1,0,0,0,0
10667,1661,212000,1,0,0,0,0
14753,1463,207000,1,0,0,0,0
10859,1097,145000,1,0,0,0,0
8072,990,138000,1,0,0,0,0
10400,1779,197900,1,0,0,0,0
10335,1501,204000,1,0,0,0,0
9017,1431,192000,1,0,0,0,0
8750,1772,200000,1,0,0,0,0
8935,1660,195000,1,0,0,0,0
9808,1573,227000,1,0,0,0,0
12420,1840,230000,1,0,0,0,0
16285,1430,187100,1,0,0,0,0
10739,1444,203000,1,0,0,0,0
11166,1492,201000,1,0,0,0,0
8430,1040,124000,1,0,0,0,0
16269,907,140000,1,0,0,0,0
6950,914,134900,1,0,0,0,0
8800,1040,150500,1,0,0,0,0
7000,864,136500,1,0,0,0,0
9286,1268,143500,1,0,0,0,0
15523,864,133500,1,0,0,0,0
7200,894,123000,1,0,0,0,0
7200,768,133900,1,0,0,0,0
8445,768,133000,1,0,0,0,0
11664,1611,250000,1,0,0,0,0
12334,2184,254750,1,0,0,0,0
11838,1788,236500,1,0,0,0,0
11885,1872,261500,1,0,0,0,0
11050,2153,313000,1,0,0,0,0
8749,1725,198500,1,0,0,0,0
11250,1870,211000,1,0,0,0,0
15750,1513,220000,1,0,0,0,0
11883,1504,203000,1,0,0,0,0
12782,1828,279500,1,0,0,0,0
8750,1417,210000,1,0,0,0,0
9375,2034,219500,1,0,0,0,0
8750,1716,191000,1,0,0,0,0
9100,1212,178000,1,0,0,0,0
9750,1630,213000,1,0,0,0,0
4435,848,144000,0,0,0,0,1
4435,848,140000,0,0,0,0,1
10200,1602,293200,1,0,0,0,0
9313,1728,190000,1,0,0,0,0
8487,1500,190000,1,0,0,0,0
8633,1476,173500,1,0,0,0,0
11069,1396,170000,1,0,0,0,0
8777,1126,108000,1,0,0,0,0
9937,1486,167000,1,0,0,0,0
8877,816,100000,1,0,0,0,0
7301,1922,198500,1,0,0,0,0
7950,1426,159500,1,0,0,0,0
10682,1149,127000,1,0,0,0,0
7200,1125,125000,1,0,0,0,0
13286,1698,320000,1,0,0,0,0
3675,1072,145500,0,0,0,0,1
9405,698,118000,1,0,0,0,0
6410,876,85000,1,0,0,0,0
11767,1368,120000,1,0,0,0,0
8405,1529,98000,1,0,0,0,0
4060,864,99900,1,0,0,0,0
10206,944,82000,1,0,0,0,0
10926,1678,119900,0,0,1,0,0
11767,1560,103500,1,0,0,0,0
8926,960,112000,1,0,0,0,0
12354,1196,110000,1,0,0,0,0
8212,1298,122000,1,0,0,0,0
10998,1604,117000,1,0,0,0,0
6300,1268,160000,1,0,0,0,0
4500,1520,159434,1,0,0,0,0
8400,438,60000,1,0,0,0,0
9900,1489,139500,1,0,0,0,0
15863,3082,197000,1,0,0,0,0
5707,1242,105000,1,0,0,0,0
7804,1981,135000,1,0,0,0,0
8574,1232,147500,1,0,0,0,0
6171,1608,137450,1,0,0,0,0
7200,1135,155000,1,0,0,0,0
7558,1913,177000,1,0,0,0,0
6292,1477,145000,1,0,0,0,0
7155,1228,137000,1,0,0,0,0
10918,2080,234000,1,0,0,0,0
13680,1567,205000,1,0,0,0,0
7500,1494,177500,1,0,0,0,0
9600,1308,160000,1,0,0,0,0
14680,1273,155000,1,0,0,0,0
13360,964,163500,1,0,0,0,0
7681,1343,154900,1,0,0,0,0
8145,2480,205000,0,0,1,0,0
9100,1112,144800,1,0,0,0,0
12000,1564,174500,1,0,0,0,0
13339,1561,193000,1,0,0,0,0
15600,1523,158000,1,0,0,0,0
14000,1152,158500,1,0,0,0,0
17500,1906,224000,1,0,0,0,0
1733,1032,115000,0,0,0,1,0
1488,1229,137000,0,0,0,0,1
1612,1229,121000,0,0,0,1,0
1300,1229,124000,0,0,0,0,1
13607,1982,208000,1,0,0,0,0
17597,2365,315000,1,0,0,0,0
21695,1680,222000,1,0,0,0,0
10690,1344,147000,1,0,0,0,0
8660,2168,123000,1,0,0,0,0
6402,1192,78000,1,0,0,0,0
8470,1526,85000,1,0,0,0,0
10200,572,75000,1,0,0,0,0
3843,1648,230000,0,0,0,0,1
21780,810,57625,1,0,0,0,0
10125,2052,251000,1,0,0,0,0
12822,2149,239686,1,0,0,0,0
12118,1710,240000,1,0,0,0,0
12209,1961,215000,1,0,0,0,0
9750,926,156450,1,0,0,0,0
9360,1287,173000,1,0,0,0,0
10125,1734,126000,0,0,1,0,0
9947,1217,173000,1,0,0,0,0
11070,1595,152000,1,0,0,0,0
14375,1344,137500,1,0,0,0,0
215245,2036,375000,1,0,0,0,0
12898,1620,315500,1,0,0,0,0
13159,1692,224500,1,0,0,0,0
13438,2036,410000,1,0,0,0,0
14463,1641,316500,1,0,0,0,0
8925,1466,201000,1,0,0,0,0
11457,1412,175000,1,0,0,0,0
9839,2237,204000,1,0,0,0,0
14419,1479,213500,1,0,0,0,0
6853,1296,220000,1,0,0,0,0
9157,2014,170000,1,0,0,0,0
14601,1838,315000,1,0,0,0,0
12633,1978,425000,1,0,0,0,0
12518,1008,139500,1,0,0,0,0
21750,1771,115000,1,0,0,0,0
4500,1204,162000,0,0,0,0,1
4500,1224,165000,0,0,0,0,1
1596,988,91000,0,0,0,1,0
9858,874,130000,1,0,0,0,0
1526,630,86000,0,0,0,1,0
13383,1404,160000,1,0,0,0,0
1477,630,80000,0,0,0,0,1
1533,1344,97000,0,0,0,1,0
2217,1092,88000,0,0,0,0,1
7689,796,131900,1,0,0,0,0
7706,1091,131250,1,0,0,0,0
9101,1110,165500,1,0,0,0,0
8780,833,112000,1,0,0,0,0
7669,883,149000,1,0,0,0,0
14115,1362,143000,1,0,0,0,0
10429,1287,130000,1,0,0,0,0
9819,1567,196000,1,0,0,0,0
10457,1632,173000,1,0,0,0,0
11029,1414,176500,1,0,0,0,0
12925,2117,237500,1,0,0,0,0
11075,2112,206900,1,0,0,0,0
8702,1604,187500,1,0,0,0,0
8139,1470,165000,1,0,0,0,0
9535,1604,195500,1,0,0,0,0
9042,1638,192000,1,0,0,0,0
15038,1636,173000,1,0,0,0,0
14137,1384,177900,1,0,0,0,0
21872,1446,175000,1,0,0,0,0
4923,1593,286000,0,0,0,0,1
6264,1682,247900,1,0,0,0,0
5395,1337,180000,0,0,0,0,1
5070,1280,180000,0,0,0,0,1
10839,1604,181000,1,0,0,0,0
11184,1633,183000,1,0,0,0,0
8000,1658,188000,1,0,0,0,0
10832,1895,194500,1,0,0,0,0
14067,1709,185000,1,0,0,0,0
4671,1228,189000,0,0,0,0,1
5950,1337,188500,0,0,0,0,1
13543,2500,355000,1,0,0,0,0
11198,2504,325000,1,0,0,0,0
15401,1884,387000,1,0,0,0,0
31220,1474,115000,1,0,0,0,0
8118,1710,334000,0,0,0,0,1
47280,1488,133000,1,0,0,0,0
20544,2093,215000,1,0,0,0,0
12680,1688,226500,1,0,0,0,0
12090,1422,175500,1,0,0,0,0
10825,1260,181900,1,0,0,0,0
18559,2064,235000,1,0,0,0,0
14450,1782,220000,1,0,0,0,0
12227,2872,272000,1,0,0,0,0
13068,1211,161000,1,0,0,0,0
15611,1126,175000,1,0,0,0,0
10400,2044,185000,1,0,0,0,0
9743,1308,146900,1,0,0,0,0
12511,2840,292500,1,0,0,0,0
11361,1523,180000,1,0,0,0,0
10400,1444,159900,1,0,0,0,0
10480,1964,205000,1,0,0,0,0
10000,1178,157000,1,0,0,0,0
14311,2340,306000,1,0,0,0,0
9000,1792,133000,0,0,1,0,0
9750,1054,151000,1,0,0,0,0
10295,936,111900,1,0,0,0,0
7560,864,123000,1,0,0,0,0
12735,864,111250,1,0,0,0,0
4060,1337,181000,0,0,0,0,1
1680,987,103400,0,0,0,1,0
1680,987,100000,0,0,0,1,0
1890,987,100500,0,0,0,1,0
1869,987,106000,0,0,0,1,0
1680,987,85400,0,0,0,1,0
1680,987,89500,0,0,0,0,1
1680,1302,111750,0,0,0,1,0
4043,1069,140000,0,0,0,0,1
2308,1456,143000,0,0,0,0,1
2529,1055,148500,0,0,0,1,0
9477,892,110000,1,0,0,0,0
12444,1932,394617,1,0,0,0,0
12474,2332,426000,1,0,0,0,0
14803,2084,385000,1,0,0,0,0
14948,2713,446261,1,0,0,0,0
12704,1582,317500,1,0,0,0,0
13891,1710,372402,1,0,0,0,0
13693,2464,417500,1,0,0,0,0
14418,1950,383000,1,0,0,0,0
13418,2748,390000,1,0,0,0,0
12539,2790,460000,1,0,0,0,0
12151,2331,379000,1,0,0,0,0
8899,2088,250000,1,0,0,0,0
10574,2332,316000,1,0,0,0,0
12720,2470,615000,1,0,0,0,0
13688,2668,412500,1,0,0,0,0
10625,2046,284000,1,0,0,0,0
10845,1575,284000,1,0,0,0,0
16900,2649,421250,1,0,0,0,0
16451,2690,370000,1,0,0,0,0
10110,1866,336860,0,0,0,0,1
8769,1702,367294,0,0,0,0,1
12304,1367,192000,0,0,0,0,1
12677,1518,274000,0,0,0,0,1
8849,1684,266000,0,0,0,0,1
8232,1800,370967,0,0,0,0,1
6240,1342,234250,0,0,0,0,1
6240,1342,219500,0,0,0,0,1
2448,1626,155000,0,0,0,1,0
2448,1626,154000,0,0,0,1,0
8198,1358,207000,0,0,0,0,1
3940,1455,195000,0,0,0,0,1
3940,1576,219990,0,0,0,0,1
3182,1504,191000,0,0,0,0,1
3182,1266,159895,1,0,0,0,0
3710,1246,187687,1,0,0,0,0
9024,1515,179000,1,0,0,0,0
7415,1593,193000,1,0,0,0,0
9587,1166,190000,1,0,0,0,0
8029,1456,176000,1,0,0,0,0
8010,1720,188000,1,0,0,0,0
8396,1986,213000,1,0,0,0,0
7301,1358,217300,0,0,0,0,1
10261,1792,186500,1,0,0,0,0
8220,1892,226750,1,0,0,0,0
15384,1490,184000,1,0,0,0,0
7750,1414,176000,1,0,0,0,0
12460,2322,225000,1,0,0,0,0
8390,1651,185900,1,0,0,0,0
9660,2199,284500,1,0,0,0,0
9200,2630,315000,1,0,0,0,0
14260,2198,250000,1,0,0,0,0
11000,2172,291000,1,0,0,0,0
11675,2006,350000,1,0,0,0,0
10990,2125,279500,1,0,0,0,0
11929,2501,290000,1,0,0,0,0
10437,2113,350000,1,0,0,0,0
10542,2418,341000,1,0,0,0,0
10010,2197,287500,1,0,0,0,0
10944,2127,271000,1,0,0,0,0
14303,1987,301500,1,0,0,0,0
11932,1580,235128,1,0,0,0,0
14598,1933,214000,1,0,0,0,0
11957,1574,232000,1,0,0,0,0
13253,1578,240000,1,0,0,0,0
14587,1506,264132,1,0,0,0,0
10206,1563,245000,1,0,0,0,0
12274,1428,227680,1,0,0,0,0
9801,1861,257000,1,0,0,0,0
9428,1874,297900,1,0,0,0,0
10037,1460,247000,1,0,0,0,0
8640,1372,212700,1,0,0,0,0
8640,1372,250580,1,0,0,0,0
11639,1428,182000,1,0,0,0,0
9803,1768,226700,1,0,0,0,0
9375,1992,250000,1,0,0,0,0
10625,1958,250000,1,0,0,0,0
10800,2078,339750,1,0,0,0,0
8125,1665,205950,1,0,0,0,0
10625,1660,256000,1,0,0,0,0
7500,1218,230348,1,0,0,0,0
8791,1728,207500,1,0,0,0,0
7500,1080,141000,1,0,0,0,0
10110,1696,188000,1,0,0,0,0
12774,1663,192500,1,0,0,0,0
13072,1175,146000,1,0,0,0,0
13695,1114,159000,1,0,0,0,0
13695,1114,155000,1,0,0,0,0
8366,1640,173000,1,0,0,0,0
9260,1162,170000,1,0,0,0,0
8453,1609,182000,1,0,0,0,0
8480,1680,163000,1,0,0,0,0
8125,1679,193500,1,0,0,0,0
14565,1657,189000,1,0,0,0,0
8450,1677,190500,1,0,0,0,0
8285,1737,175000,1,0,0,0,0
7153,1294,179200,1,0,0,0,0
9291,1710,187000,1,0,0,0,0
8012,1617,193000,0,0,0,0,1
7892,1199,153900,0,0,0,0,1
9100,984,128000,1,0,0,0,0
12968,912,144000,1,0,0,0,0
8100,864,135000,1,0,0,0,0
8450,890,115000,0,1,0,0,0
6360,864,119916,1,0,0,0,0
6768,912,142000,1,0,0,0,0
19508,1430,192000,1,0,0,0,0
10759,1641,140000,1,0,0,0,0
9205,2683,290000,1,0,0,0,0
11025,2786,372500,1,0,0,0,0
4282,1391,196000,0,0,0,0,1
4017,1250,171900,0,0,0,0,1
3435,1245,178000,0,0,0,0,1
3180,1200,165000,0,0,0,0,1
3180,1392,146000,0,0,0,0,1
3604,1392,146000,0,0,0,0,1
2280,1501,179400,0,0,0,1,0
2280,1549,172900,0,0,0,1,0
4765,1638,300000,0,0,0,0,1
4538,1310,285000,0,0,0,0,1
4385,1419,290000,0,0,0,0,1
4109,1557,305000,0,0,0,0,1
5119,1709,328900,0,0,0,0,1
2160,1252,160000,0,0,0,1,0
2160,1404,170000,0,0,0,1,0
10646,1789,223000,1,0,0,0,0
2645,1586,170000,0,0,0,1,0
2645,1607,200000,0,0,0,1,0
3951,2393,345000,0,0,0,0,1
14963,1288,245500,0,0,0,0,1
11064,1239,217500,0,0,0,0,1
10846,1719,324000,0,0,0,0,1
11120,1232,162500,1,0,0,0,0
24572,2944,150000,1,0,0,0,0
16280,1671,290000,1,0,0,0,0
7500,1812,205000,1,0,0,0,0
10400,1682,174000,1,0,0,0,0
11104,1427,183000,1,0,0,0,0
11050,1740,150000,1,0,0,0,0
11040,1258,145000,1,0,0,0,0
15387,1620,215000,1,0,0,0,0
9750,1625,140500,0,0,1,0,0
10800,2614,240000,1,0,0,0,0
8814,1464,141000,1,0,0,0,0
8872,912,147000,1,0,0,0,0
8125,925,135000,1,0,0,0,0
11072,1728,145000,0,0,1,0,0
13101,1728,142600,0,0,1,0,0
9246,1656,135000,0,0,1,0,0
13355,1670,170000,1,0,0,0,0
8963,2715,299800,1,0,0,0,0
9120,1876,185000,1,0,0,0,0
9130,1632,173000,1,0,0,0,0
12122,999,178400,1,0,0,0,0
9900,1978,176000,1,0,0,0,0
7785,1014,98000,1,0,0,0,0
8593,907,109008,1,0,0,0,0
8475,952,135750,1,0,0,0,0
8700,1128,155000,1,0,0,0,0
10175,1425,180500,1,0,0,0,0
9020,1165,174900,1,0,0,0,0
9200,1136,140000,1,0,0,0,0
8250,1092,145000,1,0,0,0,0
9350,1265,179900,1,0,0,0,0
9020,1350,168500,1,0,0,0,0
9900,1114,140000,1,0,0,0,0
10007,1053,145500,1,0,0,0,0
10721,1252,142000,1,0,0,0,0
12493,1100,141000,1,0,0,0,0
11332,1118,153000,1,0,0,0,0
6627,720,72500,1,0,0,0,0
4130,729,52000,1,0,0,0,0
7420,1077,118000,0,1,0,0,0
4882,906,87000,1,0,0,0,0
9600,1496,141500,1,0,0,0,0
9600,1252,119000,1,0,0,0,0
9600,1337,141500,1,0,0,0,0
9600,1661,165500,1,0,0,0,0
7584,1036,112900,1,0,0,0,0
13700,1820,201800,1,0,0,0,0
10197,1362,163000,1,0,0,0,0
7875,1144,139950,1,0,0,0,0
8400,1537,174000,1,0,0,0,0
9150,1431,165000,1,0,0,0,0
14670,1988,227000,1,0,0,0,0
7390,1098,135000,1,0,0,0,0
9204,1144,124000,1,0,0,0,0
7763,1283,140000,1,0,0,0,0
8856,1176,136500,1,0,0,0,0
9840,1440,185000,1,0,0,0,0
9120,1261,163000,1,0,0,0,0
13200,1570,166800,1,0,0,0,0
9000,1196,139000,1,0,0,0,0
11900,1392,166000,1,0,0,0,0
9464,1080,136000,1,0,0,0,0
10425,1104,133000,1,0,0,0,0
11556,882,116000,1,0,0,0,0
9373,1152,137500,1,0,0,0,0
12774,950,130000,1,0,0,0,0
14250,1790,180000,1,0,0,0,0
7350,952,139000,1,0,0,0,0
7677,773,110000,1,0,0,0,0
8838,1764,100000,1,0,0,0,0
8480,1216,118500,1,0,0,0,0
12436,1824,146000,0,0,1,0,0
10122,869,89900,1,0,0,0,0
7506,1159,114000,1,0,0,0,0
10930,1558,140000,1,0,0,0,0
5400,672,86900,1,0,0,0,0
10836,1436,139000,1,0,0,0,0
10800,1294,106250,0,1,0,0,0
9247,1716,171000,1,0,0,0,0
10180,1044,139000,1,0,0,0,0
11355,1312,186000,1,0,0,0,0
10920,1253,157000,1,0,0,0,0
12929,1081,148000,1,0,0,0,0
27650,2069,242000,1,0,0,0,0
8892,910,116000,1,0,0,0,0
7200,876,94000,1,0,0,0,0
7200,1048,98300,1,0,0,0,0
7910,1507,127000,1,0,0,0,0
8000,1256,159000,1,0,0,0,0
8000,1027,125900,1,0,0,0,0
7931,1269,155000,1,0,0,0,0
8064,1320,138000,1,0,0,0,0
6390,984,112500,1,0,0,0,0
7227,832,105500,1,0,0,0,0
7200,1278,127500,1,0,0,0,0
8513,1800,130000,0,0,1,0,0
7200,1588,150000,1,0,0,0,0
7200,825,109500,1,0,0,0,0
7056,1796,140000,1,0,0,0,0
9760,1611,167900,1,0,0,0,0
7590,1117,136870,1,0,0,0,0
9836,1133,143000,1,0,0,0,0
5232,764,73000,1,0,0,0,0
10440,1539,157500,1,0,0,0,0
9184,1323,122600,1,0,0,0,0
4800,1360,111000,1,0,0,0,0
10440,2792,256000,1,0,0,0,0
4800,672,64000,1,0,0,0,0
6000,1456,139500,1,0,0,0,0
11426,1594,118000,0,1,0,0,0
11426,2082,200000,1,0,0,0,0
7628,1656,119164,1,0,0,0,0
7308,1740,122250,1,0,0,0,0
5400,1027,120000,1,0,0,0,0
10800,1436,155000,0,1,0,0,0
6756,899,78000,1,0,0,0,0
5914,1080,95000,1,0,0,0,0
6000,789,115000,1,0,0,0,0
12000,1122,147000,1,0,0,0,0
9000,1499,140000,1,0,0,0,0
7311,407,46500,1,0,0,0,0
6000,928,112500,1,0,0,0,0
6000,901,107900,1,0,0,0,0
12205,1588,65000,1,0,0,0,0
18386,3493,295000,1,0,0,0,0
9142,1627,139500,0,1,0,0,0
12665,1416,153900,1,0,0,0,0
5350,1450,132000,1,0,0,0,0
4571,1344,98000,1,0,0,0,0
9143,1017,114000,1,0,0,0,0
9600,2350,130000,0,1,0,0,0
9600,2058,129500,1,0,0,0,0
6000,1540,129400,1,0,0,0,0
9600,1378,161000,1,0,0,0,0
10800,1912,163000,0,1,0,0,0
6300,1484,128000,1,0,0,0,0
5250,2358,122000,1,0,0,0,0
5700,1111,116900,1,0,0,0,0
13500,2775,325000,1,0,0,0,0
11340,1086,55000,1,0,0,0,0
10800,2495,184000,1,0,0,0,0
9750,984,110000,1,0,0,0,0
12150,1795,131500,1,0,0,0,0
12702,882,97000,1,0,0,0,0
8516,1093,115500,1,0,0,0,0
7111,1143,138000,1,0,0,0,0
7425,1668,108000,1,0,0,0,0
9100,935,79500,1,0,0,0,0
7010,1738,153000,1,0,0,0,0
6130,784,109500,1,0,0,0,0
5000,1210,124000,1,0,0,0,0
5870,1290,106900,1,0,0,0,0
6000,1672,164900,1,0,0,0,0
6000,949,119000,1,0,0,0,0
6000,1158,120000,1,0,0,0,0
6000,1497,157000,1,0,0,0,0
6000,1342,105000,1,0,0,0,0
5000,1013,113000,1,0,0,0,0
5520,1216,115000,1,0,0,0,0
5940,896,79000,1,0,0,0,0
6240,1136,123000,1,0,0,0,0
6120,808,81300,1,0,0,0,0
6240,1573,162900,1,0,0,0,0
6240,2009,150000,1,0,0,0,0
6120,1902,123500,1,0,0,0,0
6120,1774,129900,1,0,0,0,0
6155,1362,128000,1,0,0,0,0
6324,520,68500,1,0,0,0,0
8635,1285,127000,1,0,0,0,0
13053,1848,207000,1,0,0,0,0
9120,1820,184000,1,0,0,0,0
9144,1716,162500,1,0,0,0,0
9144,1505,145000,1,0,0,0,0
10267,838,130000,1,0,0,0,0
8094,1984,160000,0,1,0,0,0
5100,1666,161000,1,0,0,0,0
4347,1609,127500,1,0,0,0,0
6291,768,93850,1,0,0,0,0
10266,1536,136000,1,0,0,0,0
6876,1969,141000,1,0,0,0,0
10320,1308,120000,1,0,0,0,0
7200,1040,127500,1,0,0,0,0
7006,1236,127000,1,0,0,0,0
7920,1406,89500,1,0,0,0,0
8235,825,125000,1,0,0,0,0
5586,1198,79900,1,0,0,0,0
10320,759,85000,1,0,0,0,0
10320,1344,82375,0,1,0,0,0
10320,1469,135000,1,0,0,0,0
9488,1054,124000,1,0,0,0,0
8250,1211,134000,1,0,0,0,0
21286,1271,135000,1,0,0,0,0
17120,1588,134432,1,0,0,0,0
10106,1355,127500,0,1,0,0,0
11235,1075,148000,1,0,0,0,0
11200,1040,129500,1,0,0,0,0
13014,1096,157500,1,0,0,0,0
7162,904,109900,1,0,0,0,0
10265,992,145000,1,0,0,0,0
9764,894,130000,1,0,0,0,0
7703,1034,153000,1,0,0,0,0
9981,1073,120000,1,0,0,0,0
7400,1126,152000,1,0,0,0,0
12900,1258,108959,0,0,1,0,0
12900,1140,95541,0,1,0,0,0
9000,1006,80000,1,0,0,0,0
8544,1228,149350,1,0,0,0,0
9239,960,144900,1,0,0,0,0
14175,1188,185000,1,0,0,0,0
13284,1383,165000,1,0,0,0,0
13500,1252,235000,1,0,0,0,0
13825,1601,140000,1,0,0,0,0
10200,672,108000,1,0,0,0,0
10532,1721,145000,1,0,0,0,0
8375,1350,152400,1,0,0,0,0
10200,904,144000,1,0,0,0,0
2887,1291,173000,1,0,0,0,0
10005,2022,192000,1,0,0,0,0
20270,1524,245000,1,0,0,0,0
39104,1363,241500,1,0,0,0,0
53227,1663,256000,1,0,0,0,0
11512,1357,177000,1,0,0,0,0
5190,1079,125600,1,0,0,0,0
10452,1094,155000,1,0,0,0,0
45600,2358,240000,1,0,0,0,0
19550,1518,260000,1,0,0,0,0
21780,1674,185000,1,0,0,0,0
13728,2108,235000,1,0,0,0,0
9571,1509,159900,1,0,0,0,0
9350,864,99600,0,0,1,0,0
9360,1269,134500,1,0,0,0,0
8405,1367,119000,1,0,0,0,0
7000,1347,107500,0,1,0,0,0
10880,1164,125000,0,1,0,0,0
9600,1096,79000,1,0,0,0,0
9084,1111,95000,1,0,0,0,0
11839,2329,262280,1,0,0,0,0
9771,2814,260000,1,0,0,0,0
9938,1626,226500,1,0,0,0,0
14171,2200,225000,1,0,0,0,0
10541,2037,229000,1,0,0,0,0
10616,1356,177439,1,0,0,0,0
9345,1615,248500,1,0,0,0,0
11778,2276,475000,1,0,0,0,0
11778,1766,395039,1,0,0,0,0
11228,2097,228000,1,0,0,0,0
11454,1511,225000,1,0,0,0,0
11500,1643,195000,1,0,0,0,0
12798,1688,200000,1,0,0,0,0
9750,990,155000,1,0,0,0,0
9525,1099,144000,1,0,0,0,0
9245,990,145000,1,0,0,0,0
8696,1418,226001,1,0,0,0,0
13142,1771,215700,1,0,0,0,0
8998,1652,207500,1,0,0,0,0
9179,1790,193000,1,0,0,0,0
8924,1724,188000,1,0,0,0,0
9382,1479,191000,1,0,0,0,0
12803,1494,221000,1,0,0,0,0
12435,1792,231500,1,0,0,0,0
12192,1823,235000,1,0,0,0,0
11250,1786,223500,1,0,0,0,0
9200,938,130250,1,0,0,0,0
8385,985,149900,1,0,0,0,0
12250,1174,158000,1,0,0,0,0
10970,1026,147000,1,0,0,0,0
9216,1076,143195,1,0,0,0,0
14330,1558,163000,1,0,0,0,0
7990,924,110000,1,0,0,0,0
7180,864,127000,1,0,0,0,0
7200,780,124900,1,0,0,0,0
9742,1795,230000,1,0,0,0,0
9473,2031,237000,1,0,0,0,0
10316,1865,235000,1,0,0,0,0
10400,2161,230500,1,0,0,0,0
9066,1852,230000,1,0,0,0,0
11404,2031,222500,1,0,0,0,0
9240,2263,287000,1,0,0,0,0
9720,1947,274000,1,0,0,0,0
14860,1786,300000,1,0,0,0,0
11250,2290,255900,1,0,0,0,0
8158,1768,224900,1,0,0,0,0
10905,2327,240000,1,0,0,0,0
7226,1640,183000,1,0,0,0,0
11690,1764,207000,1,0,0,0,0
8750,1908,210000,1,0,0,0,0
4435,848,136500,0,0,0,0,1
4426,848,145000,0,0,0,0,1
13125,1493,208900,1,0,0,0,0
10126,1838,185000,0,0,1,0,0
9135,1536,214000,1,0,0,0,0
8450,1710,208500,1,0,0,0,0
9750,1445,186500,1,0,0,0,0
8450,1436,210000,1,0,0,0,0
8320,1582,185900,1,0,0,0,0
11049,1234,179900,1,0,0,0,0
11058,1564,218836,1,0,0,0,0
9627,1361,193000,1,0,0,0,0
8199,1456,189000,1,0,0,0,0
4426,848,149300,0,0,0,0,1
4426,848,141000,0,0,0,0,1
4438,848,149000,0,0,0,0,1
4438,848,144500,0,0,0,0,1
8777,796,85000,1,0,0,0,0
8777,2200,145900,0,0,1,0,0
9825,1092,123000,1,0,0,0,0
9937,1256,147500,1,0,0,0,0
12102,1033,165000,1,0,0,0,0
6500,1127,135000,1,0,0,0,0
13907,996,108000,1,0,0,0,0
10012,1181,137500,1,0,0,0,0
6931,1656,165400,1,0,0,0,0
9638,1117,147000,1,0,0,0,0
7200,1398,160500,1,0,0,0,0
7024,1132,176000,1,0,0,0,0
47007,3820,284700,1,0,0,0,0
63887,5642,160000,1,0,0,0,0
3675,1072,148000,0,0,0,0,1
6040,1152,82000,0,0,1,0,0
6012,1152,82000,0,0,1,0,0
12108,1440,118000,0,0,1,0,0
6845,1152,82500,0,0,1,0,0
6931,784,91900,0,1,0,0,0
12180,1053,120000,1,0,0,0,0
8050,1137,96000,1,0,0,0,0
9520,930,99000,1,0,0,0,0
11767,1200,130500,1,0,0,0,0
8172,1470,135000,1,0,0,0,0
16466,1393,135500,1,0,0,0,0
7692,1204,100000,1,0,0,0,0
5142,1292,108000,1,0,0,0,0
5604,864,98000,1,0,0,0,0
8248,864,67000,1,0,0,0,0
5687,1716,135900,0,1,0,0,0
12155,1482,140000,1,0,0,0,0
8400,2192,179500,1,0,0,0,0
8400,1694,136500,1,0,0,0,0
7290,1424,168000,1,0,0,0,0
8525,1964,130000,1,0,0,0,0
9842,2601,189000,1,0,0,0,0
7804,1920,161900,0,0,1,0,0
8969,1316,145000,1,0,0,0,0
11526,2555,191000,1,0,0,0,0
15576,1680,177000,1,0,0,0,0
15564,1264,147500,1,0,0,0,0
6292,790,91000,1,0,0,0,0
7609,1512,231000,1,0,0,0,0
10480,1639,115000,1,0,0,0,0
9650,1603,138000,1,0,0,0,0
7200,1502,149000,1,0,0,0,0
11988,1660,188700,1,0,0,0,0
11700,1938,198000,1,0,0,0,0
9260,1374,110000,1,0,0,0,0
7801,1091,104000,1,0,0,0,0
9670,1873,257076,1,0,0,0,0
14100,3447,381000,1,0,0,0,0
15660,1954,311500,1,0,0,0,0
12392,2161,263400,1,0,0,0,0
26073,1898,236500,1,0,0,0,0
14778,1640,224000,1,0,0,0,0
1879,1032,116500,0,0,0,1,0
1950,1556,151000,0,0,0,1,0
7000,919,126000,1,0,0,0,0
6000,1090,120000,1,0,0,0,0
3636,796,55000,1,0,0,0,0
5890,816,120500,1,0,0,0,0
6900,778,120500,1,0,0,0,0
8155,1200,119000,1,0,0,0,0
6000,1656,126000,1,0,0,0,0
7392,912,99500,1,0,0,0,0
9000,1955,165500,1,0,0,0,0
14584,733,13100,1,0,0,0,0
5280,1361,89000,1,0,0,0,0
8500,1317,40000,1,0,0,0,0
5150,1049,80900,1,0,0,0,0
18000,894,81000,1,0,0,0,0
9000,864,65000,1,0,0,0,0
5587,1652,392500,0,0,0,0,1
3843,1648,294464,0,0,0,0,1
3811,1646,250000,0,0,0,0,1
3842,1646,275000,0,0,0,0,1
23730,2032,300000,1,0,0,0,0
13265,1689,271000,1,0,0,0,0
11050,1820,213000,1,0,0,0,0
9880,1118,171000,1,0,0,0,0
10125,1279,171500,1,0,0,0,0
10260,1872,100000,0,0,1,0,0
9990,1689,228500,1,0,0,0,0
164660,1786,228950,0,1,0,0,0
4084,1501,241500,0,0,0,0,1
15498,2898,287000,1,0,0,0,0
11563,1537,294000,1,0,0,0,0
9520,1646,293077,1,0,0,0,0
12852,1780,264966,1,0,0,0,0
9802,1442,172500,1,0,0,0,0
9735,1394,167500,1,0,0,0,0
12018,1612,218689,1,0,0,0,0
12890,1495,150000,1,0,0,0,0
12416,1651,184000,1,0,0,0,0
18265,1256,180000,1,0,0,0,0
10200,1509,175000,1,0,0,0,0
11202,1440,232500,1,0,0,0,0
7915,1675,195000,1,0,0,0,0
12244,2262,305000,1,0,0,0,0
11449,1728,298751,1,0,0,0,0
11447,1964,370000,1,0,0,0,0
8940,1344,209200,0,0,1,0,0
7060,1344,206300,0,0,1,0,0
9278,1092,146000,1,0,0,0,0
4500,1189,160500,0,0,0,0,1
14137,1200,173000,1,0,0,0,0
4224,1040,124000,0,0,0,0,1
2665,1304,115000,0,0,0,0,1
2665,1475,129500,0,0,0,0,1
1974,988,105000,0,0,0,1,0
1596,988,94900,0,0,0,1,0
17979,1160,152500,1,0,0,0,0
1477,1092,98000,0,0,0,1,0
1890,630,81000,0,0,0,1,0
21750,988,113000,1,0,0,0,0
6490,816,128500,1,0,0,0,0
6951,923,119500,1,0,0,0,0
6600,816,130500,1,0,0,0,0
6600,816,138000,1,0,0,0,0
6600,845,134500,1,0,0,0,0
12508,1750,160000,1,0,0,0,0
12395,889,137500,1,0,0,0,0
11075,1968,172000,1,0,0,0,0
56600,1836,103000,1,0,0,0,0
10667,1587,167300,1,0,0,0,0
10628,1277,167000,1,0,0,0,0
13651,2223,244000,1,0,0,0,0
15865,2217,268000,1,0,0,0,0
12394,1733,225000,1,0,0,0,0
10364,1572,168000,1,0,0,0,0
13869,1470,177000,1,0,0,0,0
8773,1600,169000,1,0,0,0,0
8872,1384,161500,1,0,0,0,0
5330,1652,251000,0,0,0,0,1
10147,1694,160000,1,0,0,0,0
8637,1714,180000,1,0,0,0,0
7875,1553,178750,1,0,0,0,0
7875,1253,176000,1,0,0,0,0
7500,2299,204000,1,0,0,0,0
9556,1187,160000,1,0,0,0,0
10784,1472,160000,1,0,0,0,0
9125,1482,163900,1,0,0,0,0
7655,1642,168000,1,0,0,0,0
18160,1128,154204,1,0,0,0,0
3696,1088,170000,0,0,0,0,1
5062,2090,207500,0,0,0,0,1
4740,1179,182000,0,0,0,0,1
5118,1321,212000,0,0,0,0,1
14157,1922,377426,1,0,0,0,0
12328,2541,349265,1,0,0,0,0
51974,2338,591587,1,0,0,0,0
41600,1424,155000,0,1,0,0,0
8035,1612,319900,0,0,0,0,1
8089,1419,392000,1,0,0,0,0
14082,2234,441929,1,0,0,0,0
13870,2042,455000,1,0,0,0,0
12546,1440,182900,1,0,0,0,0
10960,1284,174000,1,0,0,0,0
12090,1868,178000,1,0,0,0,0
12090,1479,176000,1,0,0,0,0
12299,1664,213000,1,0,0,0,0
11339,1930,192000,1,0,0,0,0
11952,1969,190000,1,0,0,0,0
12046,2030,195000,1,0,0,0,0
10395,1032,148000,1,0,0,0,0
11850,1177,151500,1,0,0,0,0
11584,1725,197000,1,0,0,0,0
10400,1353,192350,1,0,0,0,0
10793,1620,152000,1,0,0,0,0
13001,1220,170000,1,0,0,0,0
12243,1484,175000,1,0,0,0,0
11700,1743,175000,1,0,0,0,0
12384,1935,197900,1,0,0,0,0
8991,1324,174000,1,0,0,0,0
8000,1877,178900,1,0,0,0,0
10500,1109,139000,1,0,0,0,0
10530,981,143250,1,0,0,0,0
7472,1479,184000,1,0,0,0,0
9457,1422,155000,1,0,0,0,0
7920,914,133000,1,0,0,0,0
9758,950,119500,1,0,0,0,0
8294,872,123000,1,0,0,0,0
7340,858,110000,1,0,0,0,0
17199,914,128000,1,0,0,0,0
9000,864,120500,1,0,0,0,0
4058,767,133000,0,0,0,0,1
4113,1337,155000,0,0,0,0,1
10943,1337,177000,0,0,0,0,1
2205,1092,113500,0,0,0,1,0
1890,1218,113000,0,0,0,1,0
2058,1218,113700,0,0,0,1,0
2016,1302,106000,0,0,0,0,1
1920,1365,122500,0,0,0,0,1
4928,958,128000,0,0,0,0,1
2308,1548,155000,0,0,0,0,1
2304,1055,142500,0,0,0,1,0
7150,988,129250,1,0,0,0,0
12469,1816,356000,1,0,0,0,0
11694,1828,314813,1,0,0,0,0
12030,1694,318000,1,0,0,0,0
11825,1694,322400,1,0,0,0,0
12085,1734,318000,1,0,0,0,0
14333,2122,345474,1,0,0,0,0
14450,2121,415298,1,0,0,0,0
13641,2656,492000,1,0,0,0,0
13440,2550,338931,1,0,0,0,0
15431,2046,450000,1,0,0,0,0
14154,2172,280000,1,0,0,0,0
13891,2552,479069,1,0,0,0,0
14226,1973,395000,1,0,0,0,0
13693,2643,380000,1,0,0,0,0
11428,1634,250000,1,0,0,0,0
14977,1976,440000,1,0,0,0,0
13654,2758,418000,1,0,0,0,0
17169,2290,500067,1,0,0,0,0
16659,2152,260116,1,0,0,0,0
9591,2473,317000,1,0,0,0,0
9709,2100,319500,1,0,0,0,0
10562,2161,325624,1,0,0,0,0
13615,1802,372000,1,0,0,0,0
13069,2956,342000,1,0,0,0,0
12099,2468,354000,1,0,0,0,0
14277,2385,350000,1,0,0,0,0
11999,2374,285000,1,0,0,0,0
12568,1818,281500,1,0,0,0,0
9926,1614,245700,1,0,0,0,0
9254,1721,232698,1,0,0,0,0
10732,1828,250000,1,0,0,0,0
7577,1362,194700,0,0,0,0,1
3901,1302,204000,0,0,0,1,0
3903,1302,200000,0,0,0,1,0
6289,1362,207000,0,0,0,0,1
4590,1554,209500,0,0,0,1,0
4590,1554,209500,0,0,0,1,0
6442,1370,202500,0,0,0,0,1
7841,1577,280000,0,0,0,0,1
7313,1561,277500,0,0,0,0,1
7820,1869,318061,0,0,0,0,1
6240,1324,221370,0,0,0,0,1
3242,1405,200000,0,0,0,0,1
15810,1496,181755,1,0,0,0,0
10237,1536,176000,1,0,0,0,0
10237,1484,178900,1,0,0,0,0
13204,1458,168165,1,0,0,0,0
8857,1495,171925,1,0,0,0,0
9729,1746,198444,1,0,0,0,0
12216,1326,203000,1,0,0,0,0
9018,1456,179540,1,0,0,0,0
8993,1302,176485,1,0,0,0,0
8899,1340,181134,1,0,0,0,0
8499,1412,156932,1,0,0,0,0
8229,1504,166000,1,0,0,0,0
7713,1456,177594,1,0,0,0,0
7697,1258,173500,1,0,0,0,0
3922,1258,172500,0,0,0,0,1
3922,1402,194201,0,0,0,0,1
3621,1589,226500,0,0,0,0,1
3710,1266,185485,1,0,0,0,0
14572,1530,259000,1,0,0,0,0
16219,1119,188500,1,0,0,0,0
11084,1374,175000,1,0,0,0,0
11796,1959,215000,1,0,0,0,0
10936,1525,206580,1,0,0,0,0
8244,1720,183500,1,0,0,0,0
11950,1394,165500,1,0,0,0,0
7875,1948,211000,1,0,0,0,0
8063,1690,181000,1,0,0,0,0
8740,1995,219500,1,0,0,0,0
7917,1647,175000,1,0,0,0,0
9967,1430,170000,1,0,0,0,0
7750,1320,162000,1,0,0,0,0
9487,1690,187000,1,0,0,0,0
9649,1644,185000,1,0,0,0,0
15623,4476,745000,1,0,0,0,0
12191,2551,384500,1,0,0,0,0
11000,2285,248000,1,0,0,0,0
11400,2633,466500,1,0,0,0,0
10557,3078,410000,1,0,0,0,0
11002,2582,322500,1,0,0,0,0
10790,2385,252000,1,0,0,0,0
21535,4316,755000,1,0,0,0,0
9920,2013,269790,1,0,0,0,0
11787,2398,315750,1,0,0,0,0
9950,2520,290000,1,0,0,0,0
12257,2531,290000,1,0,0,0,0
12692,3228,430000,1,0,0,0,0
11762,2202,263000,1,0,0,0,0
9044,2538,330000,1,0,0,0,0
9910,1369,213133,1,0,0,0,0
11830,1542,260261,1,0,0,0,0
11670,1905,320000,1,0,0,0,0
15256,1464,282922,1,0,0,0,0
10612,1534,215000,1,0,0,0,0
12291,1966,419005,1,0,0,0,0
13501,1636,255000,1,0,0,0,0
9986,1795,147000,1,0,0,0,0
9965,1528,235876,1,0,0,0,0
9416,1726,311872,1,0,0,0,0
9849,1689,248328,1,0,0,0,0
10000,1588,227000,1,0,0,0,0
8847,1538,260000,1,0,0,0,0
9158,1496,225000,1,0,0,0,0
8251,1506,249000,1,0,0,0,0
10084,1694,307000,1,0,0,0,0
9605,1977,250000,1,0,0,0,0
8778,1830,221300,1,0,0,0,0
8640,1338,208900,1,0,0,0,0
9000,1335,210400,1,0,0,0,0
8640,1792,255000,1,0,0,0,0
10411,1588,212109,1,0,0,0,0
9000,1959,270000,1,0,0,0,0
9000,2610,303477,1,0,0,0,0
12217,1880,310013,1,0,0,0,0
11096,1656,249700,1,0,0,0,0
10207,1761,227875,1,0,0,0,0
10440,1584,261329,1,0,0,0,0
11824,1685,253000,1,0,0,0,0
10625,2443,265000,1,0,0,0,0
11143,2466,340000,1,0,0,0,0
7500,1100,146000,1,0,0,0,0
7500,1143,147000,1,0,0,0,0
12450,1094,149000,1,0,0,0,0
7441,1486,181000,1,0,0,0,0
8462,1721,201000,1,0,0,0,0
11613,1820,191750,1,0,0,0,0
8450,1349,179000,1,0,0,0,0
16196,1494,215000,1,0,0,0,0
8012,1575,179200,0,0,0,0,1
8012,1266,128000,0,0,0,0,1
9180,884,144000,1,0,0,0,0
8400,2020,144000,0,0,1,0,0
6285,894,120750,1,0,0,0,0
8480,970,132500,1,0,0,0,0
7420,1057,132000,1,0,0,0,0
7758,999,132500,1,0,0,0,0
6970,1120,129000,1,0,0,0,0
13673,1696,143900,1,0,0,0,0
7476,1040,145000,1,0,0,0,0
9945,988,128500,1,0,0,0,0
6173,902,125500,1,0,0,0,0
19522,2503,300000,1,0,0,0,0
17542,2167,294000,1,0,0,0,0
10751,1037,129000,1,0,0,0,0
16647,1701,171000,1,0,0,0,0
12712,1055,147000,1,0,0,0,0
9572,2810,302000,1,0,0,0,0
10678,2872,285000,1,0,0,0,0
4379,1378,214000,0,0,0,0,1
3523,1151,166000,0,0,0,0,1
3784,1565,193800,0,0,0,0,1
4230,1352,208900,0,0,0,0,1
3606,1352,194000,0,0,0,0,1
5330,1550,207500,0,0,0,0,1
4274,1241,199900,0,0,0,0,1
4251,1250,164700,0,0,0,0,1
2280,1501,176500,0,0,0,1,0
3230,1458,176000,0,0,0,0,1
2117,1512,168500,0,0,0,0,1
2117,1573,177000,0,0,0,1,0
2117,1525,177000,0,0,0,1,0
5105,1102,148800,0,0,0,0,1
2645,1441,174000,0,0,0,1,0
7399,1950,239000,1,0,0,0,0
7321,1358,204000,1,0,0,0,0
8010,2048,301000,1,0,0,0,0
8413,2362,312500,1,0,0,0,0
9466,1494,279700,0,0,0,0,1
12000,2362,255000,1,0,0,0,0
16157,1432,194000,1,0,0,0,0
10768,1437,218000,1,0,0,0,0
3840,1295,213750,0,0,0,0,1
9600,1855,187000,1,0,0,0,0
9600,1262,181500,1,0,0,0,0
17778,2497,373000,1,0,0,0,0
18890,2620,190000,0,0,1,0,0
7050,1929,226000,1,0,0,0,0
11700,1152,143450,1,0,0,0,0
8000,2411,240050,1,0,0,0,0
8723,1082,162500,1,0,0,0,0
11700,1295,164000,1,0,0,0,0
11358,1610,185000,1,0,0,0,0
9547,1594,188500,1,0,0,0,0
10530,2075,255000,1,0,0,0,0
11500,1680,136905,0,0,1,0,0
10738,1093,158500,1,0,0,0,0
9600,1242,175500,1,0,0,0,0
10800,1052,127000,1,0,0,0,0
8050,1107,127000,1,0,0,0,0
10355,1214,143000,1,0,0,0,0
10289,1073,156000,1,0,0,0,0
9503,1344,144000,1,0,0,0,0
10624,1728,119000,0,0,1,0,0
10899,1224,103000,0,0,1,0,0
12342,1422,139900,1,0,0,0,0
12772,958,151500,1,0,0,0,0
8892,1065,126500,1,0,0,0,0
10482,1138,145000,1,0,0,0,0
7535,912,120000,1,0,0,0,0
7450,1074,124000,1,0,0,0,0
8339,882,106500,1,0,0,0,0
14357,1187,140500,1,0,0,0,0
8243,964,137500,1,0,0,0,0
8680,894,117600,1,0,0,0,0
8800,1200,163500,1,0,0,0,0
9200,1042,161000,1,0,0,0,0
9350,1302,158000,1,0,0,0,0
8800,2154,224500,1,0,0,0,0
11382,1374,147000,1,0,0,0,0
22002,1652,200000,1,0,0,0,0
14585,1429,181900,1,0,0,0,0
7388,1327,150750,1,0,0,0,0
9842,1224,101800,0,0,1,0,0
8280,932,124000,1,0,0,0,0
12172,908,138500,1,0,0,0,0
5000,334,39300,1,0,0,0,0
5000,666,64500,1,0,0,0,0
3500,670,64000,1,0,0,0,0
5175,808,112000,1,0,0,0,0
9500,1977,165000,1,0,0,0,0
9600,1150,144000,1,0,0,0,0
11345,1920,137000,0,0,1,0,0
9492,1376,105000,1,0,0,0,0
9480,1644,146500,1,0,0,0,0
8668,1560,126000,0,0,1,0,0
10050,1280,175000,1,0,0,0,0
9600,1254,158500,1,0,0,0,0
10150,912,114500,1,0,0,0,0
11344,1524,144000,1,0,0,0,0
18450,2380,129000,1,0,0,0,0
8760,936,141000,1,0,0,0,0
6860,1008,131000,1,0,0,0,0
8250,1053,142100,1,0,0,0,0
8176,1056,139000,1,0,0,0,0
9750,1442,157900,1,0,0,0,0
9250,1056,139400,1,0,0,0,0
11988,1244,150000,1,0,0,0,0
9100,1144,120000,1,0,0,0,0
9736,1721,174850,1,0,0,0,0
9770,922,116000,1,0,0,0,0
10152,1048,135000,1,0,0,0,0
12155,1657,163500,1,0,0,0,0
12198,1411,130000,1,0,0,0,0
10050,1216,129500,1,0,0,0,0
11556,1154,142000,1,0,0,0,0
8078,1560,128600,0,0,1,0,0
10950,948,125000,1,0,0,0,0
7942,1040,136000,1,0,0,0,0
8923,1008,134500,1,0,0,0,0
8540,925,127000,1,0,0,0,0
7134,1360,130000,1,0,0,0,0
7150,1540,115000,1,0,0,0,0
8400,925,116900,1,0,0,0,0
13300,928,132000,1,0,0,0,0
9532,1647,153000,1,0,0,0,0
15783,924,112500,1,0,0,0,0
14190,1544,138000,1,0,0,0,0
9600,893,135000,1,0,0,0,0
12099,1728,156000,1,0,0,0,0
21281,3086,301600,1,0,0,0,0
10134,1034,109000,1,0,0,0,0
5500,882,103200,1,0,0,0,0
10284,1281,128500,1,0,0,0,0
10800,968,64500,1,0,0,0,0
10800,1534,148000,1,0,0,0,0
5400,691,86000,1,0,0,0,0
10090,1651,172000,1,0,0,0,0
8700,888,120000,1,0,0,0,0
8300,952,128500,1,0,0,0,0
11606,2080,135000,1,0,0,0,0
8064,924,122900,1,0,0,0,0
11664,1082,119200,1,0,0,0,0
10496,1846,143000,1,0,0,0,0
7200,988,119000,1,0,0,0,0
7200,1238,102000,1,0,0,0,0
7200,864,129000,1,0,0,0,0
7000,1134,135000,1,0,0,0,0
7500,1040,152000,1,0,0,0,0
7315,1170,140000,1,0,0,0,0
7903,1242,152000,1,0,0,0,0
8000,1377,156500,1,0,0,0,0
8000,1800,141000,0,0,1,0,0
7000,925,99000,1,0,0,0,0
9760,1851,187000,1,0,0,0,0
7590,1812,169500,1,0,0,0,0
6600,864,125500,1,0,0,0,0
6760,936,130000,1,0,0,0,0
6978,960,103000,1,0,0,0,0
9600,1432,132000,1,0,0,0,0
6000,1296,127500,1,0,0,0,0
4480,1022,89500,1,0,0,0,0
7200,936,140000,0,0,1,0,0
3153,967,99900,1,0,0,0,0
10800,1047,100000,1,0,0,0,0
7200,1072,130000,1,0,0,0,0
9000,1174,135000,1,0,0,0,0
6000,1183,120000,1,0,0,0,0
5925,1131,89471,1,0,0,0,0
5925,1141,85000,1,0,0,0,0
6000,960,108500,1,0,0,0,0
9639,1798,137000,1,0,0,0,0
3880,866,110500,1,0,0,0,0
8520,968,100000,1,0,0,0,0
10337,1772,184900,1,0,0,0,0
9863,1642,145000,1,0,0,0,0
9600,1472,125000,1,0,0,0,0
4571,1232,114000,1,0,0,0,0
13600,2337,90000,0,1,0,0,0
8398,1650,144100,1,0,0,0,0
9900,2210,117500,1,0,0,0,0
3600,1358,124500,1,0,0,0,0
13500,2454,185000,1,0,0,0,0
7200,2291,133900,0,1,0,0,0
5400,1616,152000,1,0,0,0,0
8100,1559,153500,1,0,0,0,0
10800,2554,159500,1,0,0,0,0
9439,1248,87000,1,0,0,0,0
8626,968,104500,1,0,0,0,0
11800,1382,110000,1,0,0,0,0
6854,1060,136500,1,0,0,0,0
8674,1435,128250,1,0,0,0,0
8731,1167,144000,1,0,0,0,0
8737,1635,210000,1,0,0,0,0
6125,1274,135000,1,0,0,0,0
6000,1232,128000,1,0,0,0,0
6000,1218,131000,1,0,0,0,0
6120,884,113000,1,0,0,0,0
6240,1409,126000,1,0,0,0,0
6240,1322,132000,1,0,0,0,0
6240,1426,131750,1,0,0,0,0
6120,1281,132500,1,0,0,0,0
6120,1513,137500,1,0,0,0,0
6120,854,132000,1,0,0,0,0
6240,1367,127500,1,0,0,0,0
6180,986,102000,1,0,0,0,0
7755,2264,200000,1,0,0,0,0
13515,1824,180500,1,0,0,0,0
8850,1376,165000,1,0,0,0,0
8550,1316,90000,1,0,0,0,0
8730,1396,153575,1,0,0,0,0
5700,1344,140000,1,0,0,0,0
8520,2526,136000,1,0,0,0,0
5680,1173,113000,1,0,0,0,0
5680,1214,117000,1,0,0,0,0
7758,1818,169500,1,0,0,0,0
7449,1108,139400,1,0,0,0,0
13200,2294,202500,1,0,0,0,0
6882,1355,127000,1,0,0,0,0
9000,1375,141000,1,0,0,0,0
9780,1952,212300,1,0,0,0,0
10320,2180,161000,1,0,0,0,0
4330,1315,99500,0,1,0,0,0
7200,1111,101000,1,0,0,0,0
4800,1196,109900,1,0,0,0,0
12358,1382,128500,1,0,0,0,0
10120,1889,122000,0,1,0,0,0
4388,840,87000,1,0,0,0,0
10320,1484,50000,1,0,0,0,0
12888,2267,219000,1,0,0,0,0
18030,3086,200500,1,0,0,0,0
8160,1134,126000,1,0,0,0,0
4484,1282,108500,0,1,0,0,0
11235,999,130000,0,1,0,0,0
11235,1452,158450,1,0,0,0,0
14299,1005,115400,1,0,0,0,0
7943,1029,118500,1,0,0,0,0
14149,1020,165000,1,0,0,0,0
11677,1040,123000,1,0,0,0,0
8400,913,129000,1,0,0,0,0
7094,894,125000,1,0,0,0,0
8978,948,108000,1,0,0,0,0
8425,868,119900,0,1,0,0,0
8665,897,115000,1,0,0,0,0
8398,943,134500,1,0,0,0,0
7742,955,127000,1,0,0,0,0
8724,894,129000,1,0,0,0,0
8197,1285,143500,1,0,0,0,0
8169,912,129000,1,0,0,0,0
14175,1375,187000,1,0,0,0,0
16779,2654,158000,1,0,0,0,0
25339,1416,112000,1,0,0,0,0
6960,1302,165250,1,0,0,0,0
11375,1299,150000,1,0,0,0,0
13770,1176,137000,1,0,0,0,0
9000,998,89500,1,0,0,0,0
115149,1824,302000,1,0,0,0,0
11075,1522,182000,1,0,0,0,0
10029,2060,211000,1,0,0,0,0
17541,1325,216000,1,0,0,0,0
22692,1630,130000,1,0,0,0,0
17808,1242,109900,1,0,0,0,0
12671,2422,255000,1,0,0,0,0
12615,2158,243000,1,0,0,0,0
10512,1626,154000,1,0,0,0,0
5400,864,118000,1,0,0,0,0
11515,943,80000,1,0,0,0,0
7711,1440,150000,0,0,1,0,0
9098,605,86000,1,0,0,0,0
3869,1038,130000,0,0,0,0,1
9280,1342,125000,1,0,0,0,0
11100,1480,136500,1,0,0,0,0
7550,1362,96000,1,0,0,0,0
9060,1340,120000,1,0,0,0,0
23920,1822,228500,1,0,0,0,0
10357,1442,179900,1,0,0,0,0
13474,2243,225000,1,0,0,0,0
10380,2730,301000,1,0,0,0,0
13125,2127,238000,1,0,0,0,0
11287,1982,228500,1,0,0,0,0
9317,1958,220000,1,0,0,0,0
9965,2696,383970,1,0,0,0,0
9965,2828,424870,1,0,0,0,0
9178,1651,250000,1,0,0,0,0
10481,2140,360000,1,0,0,0,0
10652,1494,279500,1,0,0,0,0
11175,1316,200141,1,0,0,0,0
10235,1651,246500,1,0,0,0,0
9588,2574,276000,1,0,0,0,0
8814,1274,203000,1,0,0,0,0
11103,1456,155835,1,0,0,0,0
8556,1240,194000,1,0,0,0,0
6762,1208,195400,1,0,0,0,0
11750,1546,217000,1,0,0,0,0
8760,1500,212999,1,0,0,0,0
7242,1270,175900,1,0,0,0,0
9316,1795,191000,1,0,0,0,0
9317,1314,176432,1,0,0,0,0
14364,2062,277000,1,0,0,0,0
8883,1873,207000,1,0,0,0,0
159000,2144,277000,1,0,0,0,0
53107,1953,240000,1,0,0,0,0
12205,2087,187500,1,0,0,0,0
20064,1743,279000,1,0,0,0,0
14217,1022,139500,1,0,0,0,0
8775,990,126000,1,0,0,0,0
11249,1200,177500,1,0,0,0,0
10021,1308,175000,1,0,0,0,0
9531,1796,211000,1,0,0,0,0
8428,990,146000,1,0,0,0,0
16561,1097,147900,1,0,0,0,0
8070,990,123600,1,0,0,0,0
9337,1786,204750,1,0,0,0,0
10820,1873,235500,1,0,0,0,0
12352,1753,217000,1,0,0,0,0
9543,1690,190550,1,0,0,0,0
8826,1842,217500,1,0,0,0,0
10665,1479,226000,1,0,0,0,0
11317,1668,180000,1,0,0,0,0
11800,894,131000,1,0,0,0,0
8660,1025,153500,1,0,0,0,0
9720,1009,160000,1,0,0,0,0
8982,1040,134900,1,0,0,0,0
16300,907,130000,1,0,0,0,0
9675,879,120000,1,0,0,0,0
7700,882,112500,1,0,0,0,0
10356,969,122000,1,0,0,0,0
7200,864,127000,1,0,0,0,0
7200,875,117000,1,0,0,0,0
10386,2000,305900,1,0,0,0,0
9375,2169,228500,1,0,0,0,0
11354,1673,270000,1,0,0,0,0
8749,1459,192000,1,0,0,0,0
8749,1932,213000,1,0,0,0,0
8158,1729,200000,1,0,0,0,0
16226,2452,267000,1,0,0,0,0
11927,1592,228000,1,0,0,0,0
12728,2439,275000,1,0,0,0,0
15295,1992,211000,1,0,0,0,0
11248,1668,285000,1,0,0,0,0
10000,2090,240000,1,0,0,0,0
4435,848,131500,0,0,0,0,1
17227,1341,246900,1,0,0,0,0
8200,1928,219500,1,0,0,0,0
8450,1337,185000,1,0,0,0,0
8145,1476,179400,1,0,0,0,0
9245,1797,213500,1,0,0,0,0
8500,1422,179600,1,0,0,0,0
8769,1190,173500,1,0,0,0,0
8334,1330,167840,1,0,0,0,0
8333,1491,168675,1,0,0,0,0
9045,1536,167000,1,0,0,0,0
9170,1214,140000,1,0,0,0,0
9825,936,118500,1,0,0,0,0
8308,1088,110000,1,0,0,0,0
10921,960,94750,1,0,0,0,0
16287,1351,122000,1,0,0,0,0
8240,1179,110000,1,0,0,0,0
11841,816,118500,0,0,1,0,0
6285,1044,133500,1,0,0,0,0
7917,1113,148000,1,0,0,0,0
9555,2233,141000,0,0,1,0,0
8536,1125,155000,1,0,0,0,0
7024,1090,157000,1,0,0,0,0
7023,1408,171500,1,0,0,0,0
39290,5095,183850,1,0,0,0,0
40094,4676,184750,1,0,0,0,0
3675,1072,140000,0,0,0,0,1
6400,960,131750,1,0,0,0,0
6882,1152,61500,0,0,1,0,0
10215,948,111000,1,0,0,0,0
8741,1195,98500,0,0,1,0,0
4270,774,79000,1,0,0,0,0
10042,865,108500,1,0,0,0,0
9450,894,110000,1,0,0,0,0
11767,1346,112000,1,0,0,0,0
8172,768,125000,1,0,0,0,0
8172,864,79275,1,0,0,0,0
8190,948,119000,1,0,0,0,0
10896,3395,200000,0,1,0,0,0
10890,2592,150000,0,0,1,0,0
10592,1502,165000,1,0,0,0,0
10594,789,96500,1,0,0,0,0
7223,1422,136500,1,0,0,0,0
6821,1298,146500,1,0,0,0,0
7200,1768,175000,1,0,0,0,0
4000,1098,148500,1,0,0,0,0
6720,1436,141500,1,0,0,0,0
7642,1426,189950,1,0,0,0,0
7155,1461,135000,1,0,0,0,0
7128,1646,164000,1,0,0,0,0
4280,694,90350,1,0,0,0,0
5362,1250,139000,1,0,0,0,0
6305,954,119750,1,0,0,0,0
7136,1958,145000,0,0,1,0,0
6270,2002,145000,0,0,1,0,0
7230,1718,238000,1,0,0,0,0
13108,1226,153500,1,0,0,0,0
22420,2624,239000,1,0,0,0,0
12168,3194,359100,1,0,0,0,0
7810,1755,188000,1,0,0,0,0
11275,1991,220000,1,0,0,0,0
6221,1355,140000,0,1,0,0,0
10570,2727,315000,1,0,0,0,0
7259,2320,259500,1,0,0,0,0
14442,1839,257500,1,0,0,0,0
13125,1740,219500,1,0,0,0,0
21000,2259,217000,1,0,0,0,0
25485,1560,201000,1,0,0,0,0
21579,1488,215000,1,0,0,0,0
1782,1045,123900,0,0,0,1,0
17871,1680,170000,1,0,0,0,0
3907,1020,200000,0,0,0,0,1
20693,1696,198000,1,0,0,0,0
32668,2515,200624,1,0,0,0,0
18044,2726,315000,1,0,0,0,0
8500,1517,115000,1,0,0,0,0
7000,1215,141000,1,0,0,0,0
5000,803,87000,1,0,0,0,0
7288,1601,129850,1,0,0,0,0
6060,1123,100000,1,0,0,0,0
9060,1828,150909,1,0,0,0,0
3672,816,75200,1,0,0,0,0
8263,1012,118400,1,0,0,0,0
8967,1077,67000,1,0,0,0,0
13710,1558,152000,1,0,0,0,0
11067,845,68104,1,0,0,0,0
8250,1991,119600,0,1,0,0,0
6565,1073,140000,1,0,0,0,0
6060,1001,124900,1,0,0,0,0
5568,1625,375000,0,0,0,0,1
4750,1625,235000,0,0,0,0,1
12150,1299,183500,1,0,0,0,0
7540,912,156000,1,0,0,0,0
9187,1080,134000,1,0,0,0,0
10000,1392,215000,1,0,0,0,0
12864,1409,245000,1,0,0,0,0
9928,1478,210000,1,0,0,0,0
8750,918,148000,1,0,0,0,0
8410,1026,143000,1,0,0,0,0
4054,1501,244000,0,0,0,0,1
9763,1502,330000,0,0,0,0,1
16905,1328,170000,1,0,0,0,0
19958,2279,257000,1,0,0,0,0
8368,1689,231713,1,0,0,0,0
8298,1564,267300,1,0,0,0,0
9037,1484,265900,1,0,0,0,0
10991,1571,239000,1,0,0,0,0
10656,1646,248900,1,0,0,0,0
10331,1240,174000,1,0,0,0,0
13758,1717,187500,1,0,0,0,0
9303,1756,204000,1,0,0,0,0
6718,1312,180500,1,0,0,0,0
9590,1146,187500,1,0,0,0,0
11305,1922,282000,1,0,0,0,0
7777,1491,178000,1,0,0,0,0
14536,1629,270000,1,0,0,0,0
11800,2486,279900,1,0,0,0,0
35133,1572,186700,1,0,0,0,0
15306,1776,283463,1,0,0,0,0
12633,1824,392000,1,0,0,0,0
12665,2482,281213,1,0,0,0,0
8402,1120,147000,1,0,0,0,0
43500,2034,130000,1,0,0,0,0
6710,936,140000,0,0,0,0,1
25286,1040,132250,1,0,0,0,0
25000,1632,143000,0,0,1,0,0
32463,1622,168000,0,1,0,0,0
4224,1060,129900,0,0,0,0,1
4224,1142,134000,0,0,0,0,1
1504,1092,85500,0,0,0,1,0
1533,992,106500,0,0,0,1,0
1495,1092,93900,0,0,0,0,1
2001,1092,75000,0,0,0,1,0
1936,630,84500,0,0,0,1,0
1890,1092,75190,0,0,0,1,0
11333,1062,146800,1,0,0,0,0
9129,1008,153500,1,0,0,0,0
15957,1356,188000,1,0,0,0,0
33983,1676,196000,1,0,0,0,0
8286,1432,157000,1,0,0,0,0
6723,796,138000,1,0,0,0,0
7244,768,129500,1,0,0,0,0
27697,1608,80000,1,0,0,0,0
7599,845,129500,1,0,0,0,0
11000,1178,135000,1,0,0,0,0
8314,816,124500,1,0,0,0,0
11625,816,139000,1,0,0,0,0
10712,974,93500,1,0,0,0,0
10447,887,124500,1,0,0,0,0
11027,1293,149900,1,0,0,0,0
10533,1024,157500,1,0,0,0,0
11765,1797,169000,1,0,0,0,0
39384,1390,252000,1,0,0,0,0
11727,1851,192100,1,0,0,0,0
8238,1525,183500,1,0,0,0,0
13006,2236,222000,1,0,0,0,0
13041,1671,170000,1,0,0,0,0
13031,1498,187500,1,0,0,0,0
9783,1776,202000,1,0,0,0,0
11207,1511,185000,1,0,0,0,0
19378,2462,320000,1,0,0,0,0
14859,1670,240000,1,0,0,0,0
13128,2064,250000,1,0,0,0,0
10463,1801,239900,1,0,0,0,0
13751,2212,309000,1,0,0,0,0
23257,2021,274725,1,0,0,0,0
13108,2687,270000,1,0,0,0,0
8076,1169,183500,1,0,0,0,0
7685,1501,165600,1,0,0,0,0
9084,1632,176500,1,0,0,0,0
3701,1204,130000,0,0,0,0,1
5306,1767,239000,0,0,0,0,1
6563,1742,275000,1,0,0,0,0
16023,2798,457347,1,0,0,0,0
18062,3390,545224,1,0,0,0,0
12292,2473,356383,1,0,0,0,0
16056,2868,556581,1,0,0,0,0
12438,2576,361919,1,0,0,0,0
16052,2698,535000,1,0,0,0,0
15922,2795,401179,1,0,0,0,0
13682,2945,438780,1,0,0,0,0
14762,2320,169000,1,0,0,0,0
34650,1056,145000,0,1,0,0,0
8147,1714,318000,0,0,0,0,1
11302,1826,319000,1,0,0,0,0
18261,2000,470000,1,0,0,0,0
14145,1621,202500,1,0,0,0,0
13837,2183,229000,1,0,0,0,0
16659,2263,235000,1,0,0,0,0
18800,1574,190000,1,0,0,0,0
10464,1102,169000,1,0,0,0,0
10400,1872,241500,1,0,0,0,0
10530,1857,188900,1,0,0,0,0
10240,1686,207500,1,0,0,0,0
16692,2784,250000,1,0,0,0,0
11475,1552,179900,1,0,0,0,0
9927,1083,172000,1,0,0,0,0
9512,2318,294323,1,0,0,0,0
10530,1875,184500,1,0,0,0,0
10140,1074,153500,1,0,0,0,0
10140,1664,162900,1,0,0,0,0
10140,1309,181000,1,0,0,0,0
10000,1103,155000,1,0,0,0,0
15870,1096,138800,1,0,0,0,0
9353,864,116050,1,0,0,0,0
8125,858,88000,1,0,0,0,0
7200,874,97500,1,0,0,0,0
8773,1419,190000,0,0,0,0,1
2760,1092,105500,0,0,0,0,1
2160,1365,125500,0,0,0,0,1
1953,987,83000,0,0,0,1,0
1890,1030,116000,0,0,0,1,0
1680,1218,91500,0,0,0,1,0
1680,1218,118000,0,0,0,1,0
1680,948,89000,0,0,0,1,0
1680,1092,108000,0,0,0,1,0
1680,987,94500,0,0,0,1,0
4043,1069,146300,0,0,0,0,1
7514,1387,145000,1,0,0,0,0
7838,900,123000,1,0,0,0,0
2280,1055,137500,0,0,0,1,0
2179,1456,144000,0,0,0,1,0
16737,1980,315000,1,0,0,0,0
16387,2589,412083,1,0,0,0,0
16259,2596,342643,1,0,0,0,0
16163,1618,252000,1,0,0,0,0
13891,2076,465000,1,0,0,0,0
12228,1740,293000,1,0,0,0,0
14780,1868,415000,1,0,0,0,0
16033,1850,326000,1,0,0,0,0
14215,2376,325300,1,0,0,0,0
13418,2452,309000,1,0,0,0,0
13975,2206,300000,1,0,0,0,0
10240,2098,275500,1,0,0,0,0
9942,2091,338500,1,0,0,0,0
11924,2324,345000,1,0,0,0,0
12867,2253,344133,1,0,0,0,0
10672,2389,298236,1,0,0,0,0
11643,2358,329900,1,0,0,0,0
12378,1944,360000,1,0,0,0,0
11065,1970,281000,1,0,0,0,0
13758,1792,372397,1,0,0,0,0
14828,1780,378000,1,0,0,0,0
11846,1792,374000,1,0,0,0,0
20431,2728,437154,1,0,0,0,0
10927,1904,275000,1,0,0,0,0
13215,1914,279000,1,0,0,0,0
7052,1364,185850,0,0,0,0,1
5911,1565,282500,0,0,0,0,1
6955,1368,202500,0,0,0,0,1
6792,1368,202665,0,0,0,0,1
7740,1686,332200,0,0,0,0,1
6373,1666,310090,0,0,0,0,1
3136,1405,171750,0,0,0,0,1
10237,1316,169990,1,0,0,0,0
10237,1456,170440,1,0,0,0,0
10237,1492,169985,1,0,0,0,0
17104,1496,179665,1,0,0,0,0
14054,1863,219210,1,0,0,0,0
11660,1326,174190,1,0,0,0,0
15578,1456,172785,1,0,0,0,0
11631,2373,258000,1,0,0,0,0
9073,1492,185101,1,0,0,0,0
3087,1364,210250,0,0,0,0,1
3196,1557,234000,0,0,0,0,1
3196,1456,215000,0,0,0,0,1
2938,1511,246990,0,0,0,0,1
3072,1414,178740,0,0,0,0,1
3072,1548,225000,0,0,0,0,1
3010,1248,167240,0,0,0,0,1
3010,1142,156820,0,0,0,0,1
3013,1506,213490,0,0,0,0,1
3982,1567,264561,0,0,0,0,1
4045,1500,246578,0,0,0,0,1
21930,1838,192140,1,0,0,0,0
7861,1509,183200,1,0,0,0,0
9056,1414,178000,1,0,0,0,0
9171,1598,201490,1,0,0,0,0
11194,1936,230500,1,0,0,0,0
7875,1509,180000,1,0,0,0,0
8121,1664,172400,1,0,0,0,0
8658,1889,215000,1,0,0,0,0
11214,1886,199900,1,0,0,0,0
10852,1671,173000,1,0,0,0,0
12104,2322,287602,1,0,0,0,0
8738,2291,230000,1,0,0,0,0
9452,2392,348000,1,0,0,0,0
9660,1976,286000,1,0,0,0,0
9545,2234,300000,1,0,0,0,0
35760,3627,625000,1,0,0,0,0
9233,2855,405000,1,0,0,0,0
12011,1924,280000,1,0,0,0,0
12090,2263,258000,1,0,0,0,0
10019,2726,350000,1,0,0,0,0
17242,3500,584500,1,0,0,0,0
10236,2494,321000,1,0,0,0,0
10120,2526,290000,1,0,0,0,0
12585,2799,315000,1,0,0,0,0
12447,1964,252000,1,0,0,0,0
15218,1670,336820,1,0,0,0,0
20896,2097,423000,1,0,0,0,0
10182,1660,290000,1,0,0,0,0
8688,1616,232000,1,0,0,0,0
10936,1504,199000,1,0,0,0,0
8640,1278,198600,1,0,0,0,0
13162,2640,405749,1,0,0,0,0
11216,1489,232600,1,0,0,0,0
10728,1939,266000,1,0,0,0,0
8125,1553,186500,1,0,0,0,0
8125,1716,200825,1,0,0,0,0
8125,1576,197000,1,0,0,0,0
7200,1262,185000,1,0,0,0,0
7500,1266,176000,1,0,0,0,0
7200,1301,187750,1,0,0,0,0
7733,1142,139500,1,0,0,0,0
11024,1400,186800,1,0,0,0,0
13072,1131,132000,1,0,0,0,0
13072,1141,142500,1,0,0,0,0
13072,1158,158000,1,0,0,0,0
7800,1686,184000,1,0,0,0,0
7632,1585,184900,1,0,0,0,0
8304,1837,187000,1,0,0,0,0
7153,1603,175900,1,0,0,0,0
9370,1731,248500,1,0,0,0,0
7175,1398,172000,0,0,0,0,1
7175,1217,151000,0,0,0,0,1
9019,1320,150000,1,0,0,0,0
8900,1056,107000,1,0,0,0,0
7800,965,119900,1,0,0,0,0
9100,988,129500,1,0,0,0,0
9100,1728,125000,0,0,1,0,0
8927,1654,119500,0,0,1,0,0
9240,1211,144000,1,0,0,0,0
8471,1212,151000,1,0,0,0,0
9308,984,126000,1,0,0,0,0
8450,909,116000,1,0,0,0,0
8638,925,133500,1,0,0,0,0
13052,1024,120875,1,0,0,0,0
13526,935,137000,1,0,0,0,0
8020,912,124000,1,0,0,0,0
6993,1236,135000,1,0,0,0,0
8789,941,129200,1,0,0,0,0
14330,2646,260000,1,0,0,0,0
16059,2417,260000,1,0,0,0,0
11025,2826,334000,1,0,0,0,0
14541,2520,310000,1,0,0,0,0
13346,2295,268000,1,0,0,0,0
12461,1624,262000,1,0,0,0,0
3628,1143,176400,0,0,0,0,1
3316,1247,197000,0,0,0,0,1
3180,1200,151000,0,0,0,0,1
2544,1223,147400,0,0,0,1,0
2544,1223,149900,0,0,0,1,0
3180,1200,144152,0,0,0,0,1
2998,1524,166000,0,0,0,0,1
3735,1452,183900,0,0,0,0,1
2651,1382,165000,0,0,0,1,0
4447,1080,139000,0,0,0,0,1
8314,1694,200000,1,0,0,0,0
7180,1568,221000,1,0,0,0,0
9549,1494,270000,0,0,0,0,1
11250,1208,165000,1,0,0,0,0
3760,1235,214000,0,0,0,1,0
3640,1036,188000,0,0,0,1,0
3874,1226,190000,0,0,0,0,1
3876,1226,170000,0,0,0,1,0
50271,1842,385000,1,0,0,0,0
13110,1193,146500,0,1,0,0,0
10192,1920,170000,1,0,0,0,0
20781,2156,262500,1,0,0,0,0
11700,1416,179900,1,0,0,0,0
11029,2654,250000,1,0,0,0,0
10400,1790,165150,1,0,0,0,0
10140,1334,164500,1,0,0,0,0
9600,1164,140000,1,0,0,0,0
9750,980,135500,1,0,0,0,0
9600,1051,142000,1,0,0,0,0
8640,1770,155000,1,0,0,0,0
9360,976,157500,1,0,0,0,0
8400,1052,138500,1,0,0,0,0
8400,898,140000,1,0,0,0,0
9759,1051,124400,1,0,0,0,0
9600,1141,158000,1,0,0,0,0
9230,1200,146000,1,0,0,0,0
14803,1993,190000,1,0,0,0,0
10659,1050,136500,1,0,0,0,0
9100,864,129900,1,0,0,0,0
8393,1712,145000,0,0,1,0,0
8800,1565,185900,0,1,0,0,0
8800,1251,160000,1,0,0,0,0
10368,1488,167000,1,0,0,0,0
9350,1440,157500,1,0,0,0,0
10382,1095,140000,0,1,0,0,0
8973,1053,150000,1,0,0,0,0
10800,1248,151500,1,0,0,0,0
8550,816,129800,1,0,0,0,0
11425,1008,137000,1,0,0,0,0
9724,1043,137000,1,0,0,0,0
4712,1230,121600,1,0,0,0,0
5900,869,85500,1,0,0,0,0
5825,747,79900,1,0,0,0,0
7438,1252,127000,1,0,0,0,0
9600,1433,161000,1,0,0,0,0
10858,1624,146500,1,0,0,0,0
9600,1216,135000,1,0,0,0,0
10680,2136,137900,1,0,0,0,0
9490,1578,133000,1,0,0,0,0
9462,1728,137000,1,0,0,0,0
9888,936,121000,1,0,0,0,0
8917,1584,119000,0,0,1,0,0
12700,1246,172000,1,0,0,0,0
8500,1235,98600,1,0,0,0,0
14200,2157,226000,1,0,0,0,0
9000,1128,118000,1,0,0,0,0
25419,3112,235000,1,0,0,0,0
9723,1008,135000,1,0,0,0,0
7728,1190,132500,0,0,1,0,0
8163,1144,143000,1,0,0,0,0
8400,1364,132000,1,0,0,0,0
11600,1383,145250,1,0,0,0,0
9610,1336,162000,1,0,0,0,0
10000,1370,148000,1,0,0,0,0
14850,1092,141000,1,0,0,0,0
10152,1124,153000,1,0,0,0,0
10011,1236,134450,1,0,0,0,0
7032,943,135960,0,0,1,0,0
8092,1050,156000,1,0,0,0,0
11310,1375,140000,1,0,0,0,0
12778,1008,139500,1,0,0,0,0
10170,1575,155000,1,0,0,0,0
7700,1145,127000,1,0,0,0,0
11050,1005,133500,1,0,0,0,0
13600,1056,125000,1,0,0,0,0
15428,884,142000,1,0,0,0,0
21299,2039,167000,1,0,0,0,0
13300,1384,159000,1,0,0,0,0
22136,2640,180000,0,1,0,0,0
7500,1312,127000,1,0,0,0,0
7000,1310,112000,1,0,0,0,0
10410,713,99800,1,0,0,0,0
5400,833,117000,1,0,0,0,0
5400,1073,108480,1,0,0,0,0
10914,715,68000,1,0,0,0,0
7008,720,86900,1,0,0,0,0
10800,1130,120000,1,0,0,0,0
7200,1595,155500,1,0,0,0,0
10818,1760,80000,1,0,0,0,0
10410,1214,105000,1,0,0,0,0
10800,2414,160000,0,1,0,0,0
10800,1466,170000,1,0,0,0,0
8658,1324,160000,1,0,0,0,0
13400,1086,159950,1,0,0,0,0
10184,1146,165000,1,0,0,0,0
9786,1734,159000,1,0,0,0,0
9510,1207,147000,1,0,0,0,0
7800,912,115000,1,0,0,0,0
8910,1194,159500,1,0,0,0,0
7332,864,120000,1,0,0,0,0
7100,816,129900,1,0,0,0,0
10800,1773,183000,1,0,0,0,0
11650,1472,157500,1,0,0,0,0
18275,2448,277500,1,0,0,0,0
16321,1600,207500,1,0,0,0,0
12144,1521,147500,1,0,0,0,0
10800,1192,135000,1,0,0,0,0
7200,1040,109500,1,0,0,0,0
7200,1040,109900,1,0,0,0,0
7560,1040,133700,1,0,0,0,0
8544,1040,81400,0,0,1,0,0
8544,1040,87500,0,0,1,0,0
8544,1040,93500,0,0,1,0,0
8512,1556,119000,0,0,1,0,0
7945,1150,141000,1,0,0,0,0
7000,1150,146000,1,0,0,0,0
7590,1348,155000,1,0,0,0,0
10205,999,134500,1,0,0,0,0
7400,1045,120000,1,0,0,0,0
7000,864,105000,1,0,0,0,0
7000,1025,124000,0,1,0,0,0
9856,2014,169000,1,0,0,0,0
9906,1328,107000,1,0,0,0,0
9600,1668,135000,1,0,0,0,0
5520,1657,111500,1,0,0,0,0
9600,1416,156500,1,0,0,0,0
9600,1641,178000,1,0,0,0,0
6451,1428,139900,1,0,0,0,0
3960,1004,105000,1,0,0,0,0
5684,813,110000,1,0,0,0,0
7745,1951,111500,0,1,0,0,0
7741,1032,108000,1,0,0,0,0
5633,844,111500,1,0,0,0,0
9000,1750,124000,1,0,0,0,0
7200,864,105000,1,0,0,0,0
4400,1118,116000,1,0,0,0,0
7614,1376,96900,1,0,0,0,0
6000,960,135500,0,1,0,0,0
6000,1566,139000,1,0,0,0,0
7830,492,61500,1,0,0,0,0
9576,1182,120000,1,0,0,0,0
5820,1163,126175,1,0,0,0,0
5747,840,64000,1,0,0,0,0
9142,1928,137000,0,1,0,0,0
9600,1774,87000,1,0,0,0,0
10800,1768,163000,1,0,0,0,0
6300,2104,155000,1,0,0,0,0
5000,1440,79000,1,0,0,0,0
8850,1690,144000,1,0,0,0,0
3600,1368,114504,1,0,0,0,0
7200,1762,157000,1,0,0,0,0
11340,1200,125000,1,0,0,0,0
22950,3608,475000,1,0,0,0,0
5976,1248,93500,0,0,1,0,0
9750,960,125000,1,0,0,0,0
4761,1020,64500,1,0,0,0,0
7446,788,100000,1,0,0,0,0
6435,1577,140200,1,0,0,0,0
11737,1827,202500,1,0,0,0,0
5000,1664,159000,1,0,0,0,0
7800,1118,119900,0,1,0,0,0
6240,1176,114500,1,0,0,0,0
6240,1344,115000,1,0,0,0,0
6120,1162,75000,1,0,0,0,0
6120,1015,88000,1,0,0,0,0
6240,912,80500,1,0,0,0,0
6240,1576,149000,1,0,0,0,0
6120,1324,110000,1,0,0,0,0
6000,1103,110500,1,0,0,0,0
6000,616,89000,1,0,0,0,0
6380,1048,113000,1,0,0,0,0
11672,816,109000,1,0,0,0,0
33120,2486,220000,1,0,0,0,0
9873,960,129000,0,1,0,0,0
5310,1635,117000,1,0,0,0,0
4118,693,52500,1,0,0,0,0
10320,1430,107000,1,0,0,0,0
7518,1330,116500,1,0,0,0,0
9000,819,72000,1,0,0,0,0
8600,1376,119500,1,0,0,0,0
7200,1360,125500,1,0,0,0,0
9786,1077,91000,1,0,0,0,0
6780,754,84500,0,1,0,0,0
7200,984,90000,1,0,0,0,0
12375,1422,137500,1,0,0,0,0
11136,1921,150000,0,0,1,0,0
21370,1640,131000,1,0,0,0,0
6930,1352,130000,1,0,0,0,0
8250,1032,125000,1,0,0,0,0
5220,879,80000,1,0,0,0,0
5500,1073,157000,1,0,0,0,0
11235,1382,148000,1,0,0,0,0
10791,1296,90000,0,0,1,0,0
8414,1068,154500,1,0,0,0,0
11327,1064,153600,1,0,0,0,0
11777,1320,164500,1,0,0,0,0
10366,934,132000,1,0,0,0,0
9000,1059,142500,1,0,0,0,0
11553,1159,158000,1,0,0,0,0
7844,1400,149500,1,0,0,0,0
9535,1458,165000,1,0,0,0,0
10335,1721,180000,1,0,0,0,0
7176,1040,160500,1,0,0,0,0
9662,1967,156500,0,0,1,0,0
8235,1949,157000,0,0,1,0,0
13650,1920,172500,1,0,0,0,0
13125,1803,155000,1,0,0,0,0
17920,1779,170000,1,0,0,0,0
17529,872,105000,1,0,0,0,0
10246,960,145000,1,0,0,0,0
14175,1437,168000,1,0,0,0,0
20355,1830,278000,1,0,0,0,0
13050,1000,164000,1,0,0,0,0
15593,2287,225000,1,0,0,0,0
10820,810,130000,1,0,0,0,0
13350,894,142500,1,0,0,0,0
1700,1700,148400,0,0,0,1,0
5271,1453,190000,1,0,0,0,0
9375,1350,146000,1,0,0,0,0
6488,1150,128000,1,0,0,0,0
7800,2008,225000,1,0,0,0,0
19690,2201,274970,1,0,0,0,0
19950,2009,235000,1,0,0,0,0
19800,3672,415000,1,0,0,0,0
11679,1560,182000,1,0,0,0,0
12048,1488,135000,1,0,0,0,0
10519,1057,137000,1,0,0,0,0
9525,1855,136900,1,0,0,0,0
9525,1609,149900,1,0,0,0,0
6420,1148,123500,1,0,0,0,0
8335,1124,93000,1,0,0,0,0
7585,1456,91500,1,0,0,0,0
11200,1298,180000,1,0,0,0,0
12128,2559,209000,1,0,0,0,0
9554,1911,215000,1,0,0,0,0
9069,1440,224500,0,0,1,0,0
11003,1876,229800,1,0,0,0,0
7488,1208,183600,1,0,0,0,0
7406,1220,194000,1,0,0,0,0
6762,1294,193879,1,0,0,0,0
11210,1614,221500,1,0,0,0,0
8990,1498,204900,1,0,0,0,0
8760,1962,239799,1,0,0,0,0
13377,1846,233555,1,0,0,0,0
11645,1734,260000,1,0,0,0,0
11645,1590,294900,1,0,0,0,0
10984,1809,209700,1,0,0,0,0
9316,1614,225000,1,0,0,0,0
9316,1596,181000,1,0,0,0,0
10041,1915,220000,1,0,0,0,0
36500,1582,190000,1,0,0,0,0
21453,988,180000,1,0,0,0,0
70761,1533,280000,1,0,0,0,0
12000,1388,158900,1,0,0,0,0
8846,914,148000,1,0,0,0,0
13015,1100,145000,1,0,0,0,0
12438,1499,187000,1,0,0,0,0
8685,1425,193000,1,0,0,0,0
13568,990,156000,1,0,0,0,0
9100,1525,235000,1,0,0,0,0
9236,1494,217000,1,0,0,0,0
10264,1588,214000,1,0,0,0,0
9272,1749,196000,1,0,0,0,0
13426,1779,217000,1,0,0,0,0
13450,1861,200000,1,0,0,0,0
14006,1776,192500,1,0,0,0,0
13704,1541,205000,1,0,0,0,0
10780,954,132500,1,0,0,0,0
8340,1388,157500,1,0,0,0,0
10385,1282,174000,1,0,0,0,0
9920,971,128500,1,0,0,0,0
9560,864,128500,1,0,0,0,0
9800,894,149900,1,0,0,0,0
7200,864,119900,1,0,0,0,0
3612,1320,137000,0,0,0,1,0
11367,1989,255000,1,0,0,0,0
9930,1762,222000,1,0,0,0,0
9468,1755,214000,1,0,0,0,0
11088,1358,220000,1,0,0,0,0
14781,1787,275000,1,0,0,0,0
8726,1909,197000,1,0,0,0,0
8125,1654,230000,1,0,0,0,0
10566,2214,268500,1,0,0,0,0
21533,2049,210900,1,0,0,0,0
11250,1939,227000,1,0,0,0,0
11250,1995,237000,1,0,0,0,0
9750,2097,274300,1,0,0,0,0
9100,1836,216837,1,0,0,0,0
4435,848,133000,0,0,0,0,1
4435,848,155900,0,0,0,0,1
15611,1919,233230,1,0,0,0,0
8810,1390,207000,1,0,0,0,0
12393,1948,195000,1,0,0,0,0
9135,1700,200000,1,0,0,0,0
8581,1737,203160,1,0,0,0,0
8400,1611,195800,1,0,0,0,0
10084,1552,212900,1,0,0,0,0
11645,1720,196500,1,0,0,0,0
8772,1336,198000,1,0,0,0,0
8846,1500,173900,1,0,0,0,0
8461,1456,163990,1,0,0,0,0
8767,1310,164990,1,0,0,0,0
8777,1436,98000,1,0,0,0,0
17755,1466,149900,1,0,0,0,0
8877,1220,102000,1,0,0,0,0
7840,1012,127500,0,0,1,0,0
9400,980,127500,0,0,1,0,0
16133,1176,119900,1,0,0,0,0
7162,1724,196500,1,0,0,0,0
8050,914,117250,1,0,0,0,0
11060,2314,229000,1,0,0,0,0
3675,1072,145000,0,0,0,0,1
3675,1072,140000,0,0,0,0,1
3675,1072,142500,0,0,0,0,1
2522,1709,134000,0,0,0,1,0
2522,1709,130000,0,0,0,1,0
2522,1709,130000,0,0,0,1,0
2522,1709,137500,0,0,0,1,0
3363,1708,130000,0,0,0,0,1
6956,936,97900,1,0,0,0,0
7822,1338,92000,1,0,0,0,0
8707,1669,107000,1,0,0,0,0
8410,1184,81000,1,0,0,0,0
9738,1221,104900,1,0,0,0,0
8172,864,115000,1,0,0,0,0
16012,1482,125000,1,0,0,0,0
8248,1250,116000,1,0,0,0,0
8248,1414,83000,1,0,0,0,0
6204,2230,118500,1,0,0,0,0
8088,498,35000,1,0,0,0,0
11388,1273,121000,1,0,0,0,0
7082,1928,160000,0,1,0,0,0
8400,1595,140000,1,0,0,0,0
10890,1551,137000,1,0,0,0,0
6430,1340,128000,0,1,0,0,0
7000,1479,160000,1,0,0,0,0
13132,1784,138887,1,0,0,0,0
4899,1510,149000,1,0,0,0,0
6000,1522,102000,1,0,0,0,0
9399,1636,167000,1,0,0,0,0
7588,1802,200100,1,0,0,0,0
10164,1465,131000,1,0,0,0,0
6191,1288,112000,1,0,0,0,0
9550,1717,140000,1,0,0,0,0
21780,1550,195000,1,0,0,0,0
11435,1517,230000,1,0,0,0,0
12400,1717,194000,1,0,0,0,0
11600,1180,137500,1,0,0,0,0
11500,2057,250000,1,0,0,0,0
8170,1671,218000,1,0,0,0,0
16560,2345,239000,1,0,0,0,0
12320,1609,199500,1,0,0,0,0
14210,1801,210000,1,0,0,0,0
14115,1811,230000,1,0,0,0,0
12984,1647,217500,1,0,0,0,0
15600,2315,257000,1,0,0,0,0
15750,1336,157000,0,1,0,0,0
16381,1844,223000,1,0,0,0,0
7288,976,102000,1,0,0,0,0
7000,1285,145400,1,0,0,0,0
8534,672,72000,1,0,0,0,0
7030,641,85000,1,0,0,0,0
8765,951,106500,1,0,0,0,0
9060,1638,139000,1,0,0,0,0
11040,1336,108000,1,0,0,0,0
12366,729,51689,1,0,0,0,0
9000,480,35311,1,0,0,0,0
9000,1396,115000,0,1,0,0,0
8520,936,78000,1,0,0,0,0
5748,1778,375000,0,0,0,0,1
3842,1646,300000,0,0,0,0,1
23580,1625,242500,1,0,0,0,0
8385,1664,145000,0,0,1,0,0
9116,1491,209000,1,0,0,0,0
10530,1004,135000,0,0,1,0,0
11080,1210,148000,1,0,0,0,0
11070,1959,171000,0,0,1,0,0
26178,2519,335000,1,0,0,0,0
8239,1295,230000,0,0,0,0,1
50102,1650,250764,1,0,0,0,0
16669,1707,228000,1,0,0,0,0
13811,1137,176000,1,0,0,0,0
8049,1339,180000,1,0,0,0,0
11170,2514,250000,1,0,0,0,0
8098,1403,202000,1,0,0,0,0
14331,1800,312500,1,0,0,0,0
13618,1960,320000,1,0,0,0,0
11443,2028,369900,1,0,0,0,0
11577,1838,359900,1,0,0,0,0
31250,1600,81500,1,0,0,0,0
7020,1368,215000,0,0,1,0,0
4500,1216,164000,0,0,0,1,0
4500,1337,153500,0,0,0,0,1
17217,1140,84500,1,0,0,0,0
2665,1304,104500,0,0,0,0,1
2665,1475,127000,0,0,0,0,1
3964,2521,151400,0,0,0,0,1
10172,874,126500,1,0,0,0,0
11836,1652,146500,0,0,1,0,0
1470,630,73000,0,0,0,1,0
1484,1092,79400,0,0,0,0,1
13384,1360,140000,1,0,0,0,0
1533,630,92000,0,0,0,1,0
1533,1092,87550,0,0,0,1,0
1526,1092,79500,0,0,0,1,0
1936,1092,90500,0,0,0,1,0
1894,1092,71000,0,0,0,0,1
12640,1728,150900,0,0,1,0,0
9297,1728,188000,0,0,1,0,0
17400,1126,160000,1,0,0,0,0
20000,1224,131000,1,0,0,0,0
7937,1003,142500,1,0,0,0,0
8885,902,131000,1,0,0,0,0
10441,970,132000,1,0,0,0,0
10010,1389,170000,1,0,0,0,0
9627,2000,188000,1,0,0,0,0
