Lot Area,Garage Area,SalePrice,1Fam,2fmCon,Duplex,Twnhs,TwnhsE
31770,528.0,215000,1,0,0,0,0
11622,730.0,105000,1,0,0,0,0
14267,312.0,172000,1,0,0,0,0
11160,522.0,244000,1,0,0,0,0
13830,482.0,189900,1,0,0,0,0
9978,470.0,195500,1,0,0,0,0
4920,582.0,213500,0,0,0,0,1
5005,506.0,191500,0,0,0,0,1
5389,608.0,236500,0,0,0,0,1
7500,442.0,189000,1,0,0,0,0
10000,440.0,175900,1,0,0,0,0
7980,420.0,185000,1,0,0,0,0
8402,393.0,180400,1,0,0,0,0
10176,506.0,171500,1,0,0,0,0
6820,528.0,212000,0,0,0,0,1
53504,841.0,538000,1,0,0,0,0
12134,492.0,164000,1,0,0,0,0
11394,834.0,394432,1,0,0,0,0
19138,400.0,141000,1,0,0,0,0
13175,500.0,210000,1,0,0,0,0
11751,546.0,190000,1,0,0,0,0
10625,528.0,170000,1,0,0,0,0
7500,663.0,216000,1,0,0,0,0
11241,480.0,149000,1,0,0,0,0
12537,500.0,149900,1,0,0,0,0
8450,304.0,142000,1,0,0,0,0
8400,525.0,126000,1,0,0,0,0
10500,0.0,115000,1,0,0,0,0
5858,511.0,184000,0,0,0,0,1
1680,264.0,96000,0,0,0,1,0
1680,320.0,105500,0,0,0,1,0
1680,264.0,88000,0,0,0,1,0
4043,440.0,127500,0,0,0,0,1
2280,440.0,149900,0,0,0,1,0
2280,308.0,120000,0,0,0,1,0
2280,440.0,146000,0,0,0,1,0
12858,751.0,376162,1,0,0,0,0
11478,772.0,306000,1,0,0,0,0
10159,606.0,395192,1,0,0,0,0
12883,868.0,290941,1,0,0,0,0
12182,532.0,220000,1,0,0,0,0
11520,730.0,275000,1,0,0,0,0
14122,678.0,259000,1,0,0,0,0
10171,532.0,214000,1,0,0,0,0
12919,820.0,611657,1,0,0,0,0
6371,484.0,224000,0,0,0,0,1
14300,958.0,500000,1,0,0,0,0
13650,756.0,320000,1,0,0,0,0
7658,576.0,319900,0,0,0,0,1
7132,484.0,205000,0,0,0,0,1
2628,474.0,175500,0,0,0,1,0
18494,430.0,199500,1,0,0,0,0
3203,437.0,160000,0,0,0,0,1
3182,430.0,192000,0,0,0,0,1
13300,400.0,184500,1,0,0,0,0
7851,440.0,216500,1,0,0,0,0
8577,433.0,185088,1,0,0,0,0
7750,400.0,180000,1,0,0,0,0
9505,434.0,222500,1,0,0,0,0
14774,779.0,333168,1,0,0,0,0
17433,962.0,355000,1,0,0,0,0
10593,527.0,260400,1,0,0,0,0
12256,712.0,325000,1,0,0,0,0
11764,671.0,290000,1,0,0,0,0
16770,486.0,221000,1,0,0,0,0
14720,666.0,410000,1,0,0,0,0
8987,880.0,221500,1,0,0,0,0
9215,676.0,204500,1,0,0,0,0
8640,614.0,215200,1,0,0,0,0
9000,750.0,262500,1,0,0,0,0
12552,678.0,254900,1,0,0,0,0
10440,528.0,271500,1,0,0,0,0
10142,618.0,233000,1,0,0,0,0
11920,484.0,181000,1,0,0,0,0
8880,463.0,205000,1,0,0,0,0
8012,264.0,143000,0,0,0,0,1
11218,462.0,189000,1,0,0,0,0
7892,264.0,99500,0,0,0,0,1
7175,264.0,125000,0,0,0,0,1
9453,457.0,194500,1,0,0,0,0
9672,480.0,152000,1,0,0,0,0
8400,476.0,171000,1,0,0,0,0
9800,429.0,67500,1,0,0,0,0
8930,539.0,112000,0,0,1,0,0
11782,576.0,148000,1,0,0,0,0
8450,336.0,138500,1,0,0,0,0
9819,280.0,122000,1,0,0,0,0
7500,308.0,133000,1,0,0,0,0
6897,260.0,127000,1,0,0,0,0
15410,461.0,169000,1,0,0,0,0
10186,564.0,190000,1,0,0,0,0
13143,762.0,362500,1,0,0,0,0
11134,713.0,285000,1,0,0,0,0
4835,506.0,260000,0,0,0,0,1
3515,588.0,190000,0,0,0,0,1
3215,480.0,155000,0,0,0,0,1
3182,480.0,151000,0,0,0,0,1
2544,480.0,149500,0,0,0,1,0
2544,480.0,152000,0,0,0,1,0
4403,484.0,222000,1,0,0,0,0
2117,440.0,177500,0,0,0,1,0
2980,440.0,177000,0,0,0,0,1
2572,484.0,155000,0,0,0,1,0
2403,496.0,147110,0,0,0,0,1
12853,852.0,267916,1,0,0,0,0
7379,592.0,254000,1,0,0,0,0
4420,484.0,155000,0,0,0,0,1
3880,484.0,206000,0,0,0,1,0
13517,475.0,130500,1,0,0,0,0
8000,596.0,230000,1,0,0,0,0
10456,535.0,218500,1,0,0,0,0
10791,660.0,243500,1,0,0,0,0
10603,480.0,205000,1,0,0,0,0
18837,678.0,212500,1,0,0,0,0
10421,496.0,196500,1,0,0,0,0
9360,676.0,197500,1,0,0,0,0
9600,441.0,171000,1,0,0,0,0
9600,490.0,142250,1,0,0,0,0
9790,528.0,143000,1,0,0,0,0
9320,0.0,128950,1,0,0,0,0
9900,504.0,159000,1,0,0,0,0
9680,517.0,178900,1,0,0,0,0
10600,480.0,136300,1,0,0,0,0
14112,484.0,180500,1,0,0,0,0
8800,480.0,137500,1,0,0,0,0
13260,0.0,84900,0,0,1,0,0
9717,240.0,142125,1,0,0,0,0
9724,400.0,197600,1,0,0,0,0
17360,470.0,172500,1,0,0,0,0
7207,0.0,116500,1,0,0,0,0
5350,0.0,76500,1,0,0,0,0
9920,280.0,128000,1,0,0,0,0
9600,364.0,153000,1,0,0,0,0
7800,244.0,132000,1,0,0,0,0
11380,315.0,178000,1,0,0,0,0
11600,480.0,154300,0,0,1,0,0
19900,576.0,180000,1,0,0,0,0
16492,578.0,190000,1,0,0,0,0
8267,576.0,135000,0,0,1,0,0
8197,620.0,214000,1,0,0,0,0
8050,308.0,136000,1,0,0,0,0
10552,447.0,165500,1,0,0,0,0
8400,294.0,145000,1,0,0,0,0
8760,312.0,148000,1,0,0,0,0
12160,531.0,142000,1,0,0,0,0
9300,461.0,167500,1,0,0,0,0
10725,312.0,108538,1,0,0,0,0
10032,440.0,159500,1,0,0,0,0
8382,263.0,108000,1,0,0,0,0
10950,318.0,135000,1,0,0,0,0
10895,305.0,122500,1,0,0,0,0
13587,264.0,119000,0,1,0,0,0
7922,246.0,109000,1,0,0,0,0
7898,676.0,105000,1,0,0,0,0
7200,392.0,107500,1,0,0,0,0
10200,490.0,144900,1,0,0,0,0
5868,308.0,129000,1,0,0,0,0
17503,330.0,97500,1,0,0,0,0
6979,576.0,144000,0,0,1,0,0
9830,576.0,162000,1,0,0,0,0
11275,564.0,242000,1,0,0,0,0
8064,280.0,132000,1,0,0,0,0
7500,305.0,154000,1,0,0,0,0
8520,720.0,166000,1,0,0,0,0
7200,576.0,134800,1,0,0,0,0
10000,440.0,160000,1,0,0,0,0
7635,484.0,148000,1,0,0,0,0
9760,440.0,192000,1,0,0,0,0
7700,442.0,155000,1,0,0,0,0
4800,240.0,80400,1,0,0,0,0
8800,0.0,96500,1,0,0,0,0
4485,0.0,109500,1,0,0,0,0
8960,360.0,115000,1,0,0,0,0
5805,551.0,143000,1,0,0,0,0
5790,379.0,107400,1,0,0,0,0
4608,220.0,80000,1,0,0,0,0
7200,240.0,119000,1,0,0,0,0
5500,484.0,130000,1,0,0,0,0
6900,240.0,119000,1,0,0,0,0
11851,240.0,129000,1,0,0,0,0
8239,315.0,100000,1,0,0,0,0
9656,780.0,12789,1,0,0,0,0
8520,484.0,105900,1,0,0,0,0
9600,288.0,150000,1,0,0,0,0
10800,416.0,139000,1,0,0,0,0
9000,624.0,240000,1,0,0,0,0
9045,0.0,76500,0,1,0,0,0
7407,923.0,149700,1,0,0,0,0
7740,528.0,125500,1,0,0,0,0
11340,560.0,122500,0,1,0,0,0
10560,624.0,140750,1,0,0,0,0
5830,363.0,128500,1,0,0,0,0
7793,315.0,209500,1,0,0,0,0
5000,200.0,87000,1,0,0,0,0
6000,240.0,134000,1,0,0,0,0
6000,576.0,128000,1,0,0,0,0
6360,240.0,132000,1,0,0,0,0
6000,312.0,139900,1,0,0,0,0
6240,624.0,123900,1,0,0,0,0
6240,480.0,138400,1,0,0,0,0
6120,288.0,109500,1,0,0,0,0
10300,480.0,140000,1,0,0,0,0
8094,572.0,149500,1,0,0,0,0
12900,0.0,159900,1,0,0,0,0
3068,180.0,122000,1,0,0,0,0
8472,516.0,110000,0,0,1,0,0
5600,0.0,55000,0,1,0,0,0
7630,672.0,140000,0,1,0,0,0
24090,349.0,244400,1,0,0,0,0
15263,365.0,173000,1,0,0,0,0
10632,180.0,107500,1,0,0,0,0
9900,0.0,100000,0,1,0,0,0
6001,231.0,95000,1,0,0,0,0
6449,0.0,93369,1,0,0,0,0
6048,450.0,114900,0,1,0,0,0
6342,0.0,94000,1,0,0,0,0
10773,0.0,136000,0,0,1,0,0
10778,0.0,136500,0,0,1,0,0
11625,504.0,131500,0,1,0,0,0
11341,528.0,121500,1,0,0,0,0
8521,336.0,125000,1,0,0,0,0
8246,270.0,154000,1,0,0,0,0
7800,416.0,137900,1,0,0,0,0
9364,299.0,158000,1,0,0,0,0
7832,280.0,137250,1,0,0,0,0
7424,591.0,160250,0,0,1,0,0
11227,480.0,163000,1,0,0,0,0
11616,440.0,158900,1,0,0,0,0
14000,533.0,328000,1,0,0,0,0
20062,690.0,270000,1,0,0,0,0
9259,440.0,85000,1,0,0,0,0
9600,436.0,128000,1,0,0,0,0
23595,586.0,260000,1,0,0,0,0
17082,522.0,230000,1,0,0,0,0
18600,480.0,124000,1,0,0,0,0
10625,366.0,83000,1,0,0,0,0
11479,467.0,144500,1,0,0,0,0
9571,596.0,129000,1,0,0,0,0
9350,209.0,127000,1,0,0,0,0
9525,366.0,128000,1,0,0,0,0
10420,460.0,186000,1,0,0,0,0
17485,572.0,308030,1,0,0,0,0
11200,504.0,114000,1,0,0,0,0
11100,308.0,84900,1,0,0,0,0
9206,476.0,178000,1,0,0,0,0
11980,528.0,270000,1,0,0,0,0
12361,1017.0,218000,1,0,0,0,0
9938,574.0,236000,1,0,0,0,0
9069,564.0,147000,1,0,0,0,0
10475,776.0,245350,1,0,0,0,0
6762,632.0,206000,1,0,0,0,0
10402,740.0,198900,1,0,0,0,0
7360,615.0,187000,1,0,0,0,0
12376,594.0,320000,1,0,0,0,0
14235,484.0,138500,1,0,0,0,0
8816,440.0,155000,1,0,0,0,0
11105,580.0,159000,1,0,0,0,0
9337,513.0,191000,1,0,0,0,0
8750,523.0,200500,1,0,0,0,0
15240,308.0,150000,1,0,0,0,0
10900,299.0,161750,1,0,0,0,0
10650,308.0,128200,1,0,0,0,0
7480,484.0,127000,1,0,0,0,0
10389,850.0,318000,1,0,0,0,0
11423,670.0,272000,1,0,0,0,0
9548,613.0,237000,1,0,0,0,0
9375,621.0,240000,1,0,0,0,0
12137,598.0,224900,1,0,0,0,0
4435,420.0,143750,0,0,0,0,1
4426,420.0,143000,0,0,0,0,1
10635,502.0,232000,1,0,0,0,0
8400,606.0,213000,1,0,0,0,0
8773,494.0,185500,1,0,0,0,0
8777,240.0,84900,1,0,0,0,0
8842,319.0,155891,1,0,0,0,0
9825,0.0,100000,0,0,1,0,0
10044,336.0,144000,1,0,0,0,0
11792,480.0,64000,1,0,0,0,0
6305,352.0,125200,1,0,0,0,0
7819,672.0,107000,1,0,0,0,0
6410,0.0,90000,1,0,0,0,0
8546,440.0,140000,1,0,0,0,0
8741,220.0,113000,1,0,0,0,0
12180,280.0,80000,0,1,0,0,0
8562,364.0,144500,1,0,0,0,0
4853,260.0,104000,1,0,0,0,0
6858,216.0,128000,1,0,0,0,0
8212,200.0,58500,1,0,0,0,0
5000,308.0,127000,1,0,0,0,0
7890,399.0,126000,1,0,0,0,0
7200,0.0,160000,0,0,1,0,0
9839,0.0,100000,1,0,0,0,0
9638,336.0,169000,1,0,0,0,0
10452,312.0,257500,1,0,0,0,0
15600,484.0,215000,0,0,1,0,0
9042,252.0,266500,1,0,0,0,0
17500,567.0,335000,1,0,0,0,0
19645,473.0,203135,1,0,0,0,0
3907,598.0,185000,0,0,0,0,1
3907,531.0,162500,0,0,0,0,1
15602,484.0,289000,1,0,0,0,0
5436,240.0,125500,1,0,0,0,0
8154,200.0,82000,1,0,0,0,0
9140,625.0,110000,1,0,0,0,0
7500,528.0,68400,1,0,0,0,0
8712,384.0,102776,1,0,0,0,0
8712,504.0,55993,1,0,0,0,0
8712,330.0,50138,1,0,0,0,0
3811,525.0,246000,0,0,0,0,1
11050,741.0,254900,1,0,0,0,0
9620,473.0,190000,1,0,0,0,0
9196,573.0,201000,1,0,0,0,0
12328,888.0,169900,1,0,0,0,0
12760,776.0,170000,0,0,1,0,0
57200,572.0,160000,1,0,0,0,0
11896,660.0,220000,1,0,0,0,0
9803,520.0,179781,1,0,0,0,0
9802,400.0,174000,1,0,0,0,0
12003,680.0,269500,1,0,0,0,0
11316,510.0,214900,1,0,0,0,0
14191,431.0,202900,1,0,0,0,0
13214,746.0,378500,1,0,0,0,0
15300,528.0,169000,1,0,0,0,0
10114,624.0,173500,1,0,0,0,0
9400,0.0,139000,0,0,1,0,0
11875,686.0,166500,1,0,0,0,0
1974,286.0,83500,0,0,0,0,1
2394,253.0,119500,0,0,0,1,0
2592,336.0,85000,0,0,0,0,1
1476,0.0,76000,0,0,0,1,0
1491,0.0,75500,0,0,0,0,1
1900,0.0,88250,0,0,0,0,1
1890,286.0,85500,0,0,0,0,1
6953,352.0,130000,1,0,0,0,0
26142,312.0,157900,1,0,0,0,0
12887,495.0,149900,1,0,0,0,0
7700,616.0,159000,0,0,1,0,0
10475,576.0,136000,1,0,0,0,0
10544,275.0,161000,1,0,0,0,0
9892,482.0,285000,1,0,0,0,0
12961,616.0,231000,1,0,0,0,0
13008,502.0,124500,1,0,0,0,0
10200,528.0,157000,1,0,0,0,0
13860,538.0,345000,1,0,0,0,0
10179,470.0,189500,1,0,0,0,0
11792,632.0,270000,1,0,0,0,0
8400,390.0,189000,1,0,0,0,0
14892,758.0,377500,1,0,0,0,0
8530,400.0,168500,1,0,0,0,0
7296,564.0,375000,0,0,0,0,1
5664,499.0,278000,0,0,0,0,1
7380,495.0,240000,1,0,0,0,0
8013,528.0,239500,0,0,0,0,1
8923,396.0,177500,1,0,0,0,0
10141,427.0,185000,1,0,0,0,0
7500,440.0,191000,1,0,0,0,0
7837,380.0,178000,1,0,0,0,0
9765,420.0,185000,1,0,0,0,0
8803,409.0,181316,1,0,0,0,0
7250,430.0,166000,1,0,0,0,0
9636,389.0,178000,1,0,0,0,0
8125,343.0,174000,1,0,0,0,0
9248,400.0,173000,1,0,0,0,0
10762,490.0,225000,1,0,0,0,0
11851,500.0,180500,1,0,0,0,0
5814,565.0,187500,0,0,0,0,1
17423,1166.0,501837,1,0,0,0,0
11844,834.0,372500,1,0,0,0,0
16158,430.0,260000,1,0,0,0,0
11900,567.0,185000,1,0,0,0,0
13005,484.0,260000,1,0,0,0,0
17043,435.0,181000,1,0,0,0,0
11900,544.0,82500,1,0,0,0,0
16635,529.0,215000,1,0,0,0,0
13250,529.0,154000,1,0,0,0,0
10928,484.0,200000,1,0,0,0,0
12388,441.0,249000,1,0,0,0,0
14115,588.0,187500,1,0,0,0,0
11088,479.0,184000,1,0,0,0,0
9600,542.0,278000,1,0,0,0,0
11880,478.0,157000,1,0,0,0,0
10400,479.0,152000,1,0,0,0,0
10304,484.0,197500,1,0,0,0,0
7000,581.0,240900,1,0,0,0,0
8004,552.0,263435,1,0,0,0,0
7500,588.0,220000,1,0,0,0,0
8470,565.0,235000,1,0,0,0,0
9373,478.0,213000,1,0,0,0,0
10140,528.0,167900,1,0,0,0,0
11050,506.0,158000,1,0,0,0,0
10140,478.0,165000,1,0,0,0,0
10448,583.0,158000,1,0,0,0,0
9000,0.0,136000,0,0,1,0,0
8750,902.0,148500,1,0,0,0,0
7930,440.0,156000,1,0,0,0,0
7830,477.0,128000,1,0,0,0,0
8510,336.0,143000,1,0,0,0,0
7038,576.0,76500,1,0,0,0,0
6960,660.0,120500,1,0,0,0,0
8120,463.0,124500,1,0,0,0,0
10500,576.0,97000,1,0,0,0,0
9000,576.0,130000,1,0,0,0,0
1680,264.0,111000,0,0,0,1,0
2368,440.0,125000,0,0,0,0,1
1680,280.0,112000,0,0,0,1,0
1680,288.0,97000,0,0,0,1,0
1680,264.0,118000,0,0,0,1,0
1680,264.0,119500,0,0,0,1,0
4928,440.0,143750,0,0,0,0,1
2308,440.0,146000,0,0,0,0,1
2280,440.0,148500,0,0,0,1,0
2280,440.0,123000,0,0,0,1,0
2308,440.0,147000,0,0,0,0,1
2349,440.0,137900,0,0,0,1,0
2364,440.0,147000,0,0,0,0,1
2289,440.0,148500,0,0,0,1,0
2364,440.0,138000,0,0,0,0,1
2104,345.0,128500,0,0,0,0,1
7150,288.0,100000,1,0,0,0,0
10710,656.0,148800,1,0,0,0,0
12456,786.0,337500,1,0,0,0,0
14257,754.0,462000,1,0,0,0,0
13518,820.0,485000,1,0,0,0,0
15431,672.0,555000,1,0,0,0,0
13173,840.0,325000,1,0,0,0,0
14230,890.0,256300,1,0,0,0,0
12704,1390.0,253293,1,0,0,0,0
12350,864.0,398800,1,0,0,0,0
11308,836.0,335000,1,0,0,0,0
12350,896.0,404000,1,0,0,0,0
12220,900.0,402861,1,0,0,0,0
13478,842.0,451950,1,0,0,0,0
13693,762.0,610000,1,0,0,0,0
13891,1020.0,582933,1,0,0,0,0
11578,834.0,360000,1,0,0,0,0
16870,932.0,296000,1,0,0,0,0
23303,640.0,409900,1,0,0,0,0
11146,908.0,255500,1,0,0,0,0
10367,927.0,335000,1,0,0,0,0
9591,856.0,274900,1,0,0,0,0
10872,700.0,300000,1,0,0,0,0
13514,850.0,324000,1,0,0,0,0
8834,738.0,350000,1,0,0,0,0
11362,862.0,280000,1,0,0,0,0
10655,880.0,284000,1,0,0,0,0
12878,583.0,269500,1,0,0,0,0
9541,644.0,233170,1,0,0,0,0
13472,968.0,386250,1,0,0,0,0
15274,886.0,445000,1,0,0,0,0
13262,730.0,290000,1,0,0,0,0
9658,871.0,255900,1,0,0,0,0
6904,484.0,213000,0,0,0,0,1
5381,624.0,196000,0,0,0,1,0
5122,624.0,184500,0,0,0,1,0
10307,484.0,212500,0,0,0,0,1
5001,626.0,230000,0,0,0,1,0
14836,949.0,552000,1,0,0,0,0
15262,685.0,382500,1,0,0,0,0
7390,649.0,320000,0,0,0,0,1
6472,539.0,248500,0,0,0,0,1
16770,701.0,286500,1,0,0,0,0
6240,550.0,254000,0,0,0,0,1
3480,478.0,173000,0,0,0,0,1
2268,474.0,173000,0,0,0,1,0
10928,390.0,184000,1,0,0,0,0
8918,392.0,167800,1,0,0,0,0
12589,390.0,174000,1,0,0,0,0
11911,400.0,174000,1,0,0,0,0
3684,660.0,174000,0,0,0,0,1
3635,660.0,175900,0,0,0,0,1
3182,430.0,192500,0,0,0,0,1
3182,457.0,181000,0,0,0,0,1
3182,397.0,180000,0,0,0,0,1
3182,397.0,160200,0,0,0,0,1
7795,432.0,188500,1,0,0,0,0
8068,390.0,200000,1,0,0,0,0
9434,400.0,170000,1,0,0,0,0
7984,436.0,189500,1,0,0,0,0
7750,527.0,184100,1,0,0,0,0
10125,434.0,195500,1,0,0,0,0
8965,400.0,192000,1,0,0,0,0
8174,393.0,178000,1,0,0,0,0
5063,626.0,207500,0,0,0,1,0
8795,554.0,236000,1,0,0,0,0
12891,644.0,257500,1,0,0,0,0
12224,390.0,244000,1,0,0,0,0
9734,400.0,167000,1,0,0,0,0
8123,463.0,179000,1,0,0,0,0
8433,394.0,190000,1,0,0,0,0
7750,400.0,156000,1,0,0,0,0
15896,658.0,245000,1,0,0,0,0
24682,502.0,181000,1,0,0,0,0
8755,390.0,214000,1,0,0,0,0
7848,410.0,168000,1,0,0,0,0
9430,856.0,337000,1,0,0,0,0
15138,810.0,403000,1,0,0,0,0
12720,810.0,327000,1,0,0,0,0
16545,1069.0,340000,1,0,0,0,0
12203,676.0,336000,1,0,0,0,0
10208,889.0,265000,1,0,0,0,0
10750,815.0,315000,1,0,0,0,0
9900,656.0,260000,1,0,0,0,0
9085,647.0,260000,1,0,0,0,0
11692,623.0,263550,1,0,0,0,0
46589,711.0,402000,1,0,0,0,0
29959,467.0,248000,1,0,0,0,0
9612,898.0,244600,1,0,0,0,0
11194,972.0,275000,1,0,0,0,0
10206,726.0,257500,1,0,0,0,0
9262,840.0,287090,1,0,0,0,0
10130,844.0,275500,1,0,0,0,0
9139,492.0,245000,1,0,0,0,0
9675,689.0,253000,1,0,0,0,0
11128,795.0,468000,1,0,0,0,0
8640,644.0,252678,1,0,0,0,0
9000,676.0,210000,1,0,0,0,0
7862,676.0,208300,1,0,0,0,0
7993,529.0,225000,1,0,0,0,0
8640,552.0,229456,1,0,0,0,0
8640,625.0,229800,1,0,0,0,0
12606,984.0,250000,1,0,0,0,0
9187,478.0,370878,1,0,0,0,0
7500,692.0,238500,1,0,0,0,0
11003,812.0,310000,1,0,0,0,0
10603,782.0,270000,1,0,0,0,0
10574,1043.0,252000,1,0,0,0,0
8125,438.0,241000,1,0,0,0,0
8125,517.0,264500,1,0,0,0,0
10625,711.0,291000,1,0,0,0,0
9375,615.0,263000,1,0,0,0,0
7500,400.0,185000,1,0,0,0,0
8736,588.0,234500,1,0,0,0,0
8127,628.0,209000,1,0,0,0,0
9605,576.0,159000,1,0,0,0,0
7500,484.0,152000,1,0,0,0,0
7500,0.0,143500,1,0,0,0,0
10628,478.0,193000,1,0,0,0,0
10141,845.0,203000,1,0,0,0,0
10083,555.0,184900,1,0,0,0,0
13072,576.0,159000,1,0,0,0,0
13072,0.0,142000,1,0,0,0,0
12450,576.0,153000,1,0,0,0,0
7328,788.0,224243,1,0,0,0,0
11492,559.0,220000,1,0,0,0,0
10994,620.0,257000,1,0,0,0,0
8529,527.0,189000,1,0,0,0,0
7703,528.0,171500,1,0,0,0,0
10762,288.0,120000,0,0,0,0,1
7175,542.0,145000,0,0,0,0,1
9109,495.0,184000,1,0,0,0,0
10274,465.0,162000,1,0,0,0,0
8250,612.0,160000,0,0,1,0,0
8400,294.0,82000,1,0,0,0,0
9000,360.0,76000,1,0,0,0,0
9750,400.0,110000,1,0,0,0,0
7064,484.0,135000,1,0,0,0,0
8499,732.0,141000,1,0,0,0,0
9079,440.0,122000,1,0,0,0,0
9316,288.0,124100,1,0,0,0,0
7791,300.0,129000,1,0,0,0,0
10000,264.0,131400,1,0,0,0,0
8281,360.0,62383,1,0,0,0,0
7150,252.0,123000,1,0,0,0,0
15676,864.0,275000,1,0,0,0,0
11949,524.0,235000,1,0,0,0,0
2880,704.0,280750,0,0,0,1,0
3951,528.0,164500,0,0,0,0,1
3000,528.0,173733,0,0,0,0,1
3830,561.0,222000,0,0,0,0,1
4217,641.0,195000,0,0,0,0,1
3230,440.0,172500,0,0,0,0,1
2998,440.0,180000,0,0,0,0,1
3768,506.0,156000,0,0,0,0,1
2645,480.0,172500,0,0,0,1,0
14694,642.0,318750,1,0,0,0,0
3782,484.0,211500,0,0,0,0,1
15417,540.0,241600,1,0,0,0,0
9600,527.0,180500,1,0,0,0,0
9991,490.0,150000,1,0,0,0,0
11700,441.0,154000,1,0,0,0,0
11717,615.0,185000,1,0,0,0,0
9156,462.0,185750,1,0,0,0,0
10382,484.0,200000,1,0,0,0,0
12732,784.0,206000,1,0,0,0,0
12936,497.0,162000,1,0,0,0,0
10400,515.0,256900,1,0,0,0,0
17871,480.0,197900,1,0,0,0,0
9600,502.0,163000,1,0,0,0,0
9000,336.0,113000,1,0,0,0,0
13774,520.0,230000,1,0,0,0,0
9650,630.0,167900,1,0,0,0,0
10140,583.0,213250,1,0,0,0,0
8400,528.0,227000,1,0,0,0,0
7130,312.0,130000,1,0,0,0,0
9600,440.0,143000,1,0,0,0,0
9100,429.0,117500,1,0,0,0,0
9600,498.0,168500,1,0,0,0,0
16500,495.0,172500,1,0,0,0,0
9790,457.0,161500,1,0,0,0,0
7436,396.0,141500,1,0,0,0,0
8125,308.0,118000,1,0,0,0,0
9100,300.0,127500,1,0,0,0,0
9450,768.0,140000,1,0,0,0,0
13495,576.0,177625,1,0,0,0,0
11475,888.0,110000,0,0,1,0,0
10004,472.0,167000,1,0,0,0,0
9350,610.0,153000,1,0,0,0,0
10500,520.0,145100,1,0,0,0,0
11000,480.0,154000,1,0,0,0,0
8970,549.0,177500,1,0,0,0,0
12095,645.0,158000,1,0,0,0,0
9600,270.0,124500,1,0,0,0,0
11475,368.0,174500,1,0,0,0,0
9768,330.0,122000,1,0,0,0,0
5330,0.0,82500,1,0,0,0,0
7015,352.0,110000,1,0,0,0,0
12160,505.0,149500,1,0,0,0,0
9900,550.0,175000,1,0,0,0,0
9600,418.0,167000,1,0,0,0,0
9600,338.0,128900,1,0,0,0,0
9600,271.0,140000,1,0,0,0,0
9600,264.0,147000,1,0,0,0,0
8944,792.0,124000,0,0,1,0,0
10573,530.0,187500,1,0,0,0,0
9500,514.0,159000,1,0,0,0,0
14695,542.0,256000,1,0,0,0,0
13600,486.0,205000,1,0,0,0,0
13000,509.0,193500,1,0,0,0,0
13560,576.0,110000,1,0,0,0,0
12513,368.0,104900,1,0,0,0,0
8760,286.0,150000,1,0,0,0,0
8400,442.0,156500,1,0,0,0,0
12285,441.0,176000,1,0,0,0,0
9240,297.0,149500,1,0,0,0,0
9600,338.0,139000,1,0,0,0,0
12400,297.0,155000,1,0,0,0,0
8750,304.0,120000,1,0,0,0,0
8750,350.0,153000,1,0,0,0,0
10400,294.0,144000,1,0,0,0,0
19296,884.0,176000,1,0,0,0,0
8532,498.0,153000,1,0,0,0,0
9482,495.0,135000,0,0,1,0,0
8128,297.0,131000,1,0,0,0,0
10634,270.0,123000,1,0,0,0,0
13070,480.0,126000,1,0,0,0,0
10434,672.0,115000,1,0,0,0,0
14559,288.0,164900,1,0,0,0,0
8480,240.0,113000,1,0,0,0,0
7626,230.0,145500,1,0,0,0,0
9533,616.0,102900,1,0,0,0,0
10615,420.0,95000,0,1,0,0,0
11419,410.0,152500,1,0,0,0,0
9600,246.0,129900,1,0,0,0,0
8000,240.0,132000,1,0,0,0,0
5470,366.0,99900,1,0,0,0,0
10410,180.0,135000,1,0,0,0,0
10800,720.0,149000,1,0,0,0,0
8146,281.0,114000,1,0,0,0,0
9022,240.0,109500,1,0,0,0,0
10230,264.0,125000,1,0,0,0,0
10410,528.0,142900,1,0,0,0,0
7200,624.0,156500,1,0,0,0,0
5400,0.0,59000,1,0,0,0,0
5400,338.0,105000,1,0,0,0,0
10800,576.0,106000,1,0,0,0,0
10800,320.0,78500,1,0,0,0,0
9671,907.0,190000,0,0,1,0,0
10143,364.0,154000,1,0,0,0,0
11500,480.0,163000,1,0,0,0,0
11643,968.0,200000,0,0,1,0,0
8010,480.0,143500,1,0,0,0,0
10454,308.0,135000,1,0,0,0,0
8712,756.0,153000,1,0,0,0,0
17600,498.0,157500,1,0,0,0,0
9000,384.0,113500,1,0,0,0,0
12144,288.0,133000,1,0,0,0,0
8544,400.0,92900,0,0,1,0,0
8064,900.0,128500,1,0,0,0,0
7200,420.0,90000,0,0,1,0,0
7200,240.0,138000,1,0,0,0,0
7350,294.0,128000,1,0,0,0,0
7560,294.0,139000,1,0,0,0,0
7200,240.0,118900,1,0,0,0,0
8000,288.0,138000,1,0,0,0,0
7931,672.0,132500,1,0,0,0,0
10800,384.0,133500,1,0,0,0,0
8064,576.0,135000,1,0,0,0,0
7570,483.0,144750,1,0,0,0,0
8604,564.0,145000,0,0,1,0,0
7936,264.0,127000,1,0,0,0,0
6600,308.0,109500,1,0,0,0,0
3950,210.0,115000,1,0,0,0,0
10440,440.0,110000,1,0,0,0,0
4080,162.0,128900,1,0,0,0,0
10307,324.0,103500,0,0,1,0,0
5720,200.0,66500,1,0,0,0,0
15660,472.0,130000,1,0,0,0,0
9900,0.0,129000,1,0,0,0,0
6406,400.0,150000,1,0,0,0,0
6600,432.0,107500,1,0,0,0,0
7627,0.0,94550,0,1,0,0,0
7596,400.0,124500,0,0,1,0,0
3378,240.0,135000,1,0,0,0,0
10134,0.0,103000,1,0,0,0,0
6000,576.0,93000,0,1,0,0,0
6000,308.0,129500,1,0,0,0,0
6000,256.0,93000,0,1,0,0,0
7404,288.0,80000,1,0,0,0,0
5925,308.0,45000,1,0,0,0,0
5925,0.0,37900,1,0,0,0,0
5784,273.0,91300,1,0,0,0,0
8520,287.0,99500,1,0,0,0,0
4456,0.0,113000,0,1,0,0,0
9600,720.0,87500,1,0,0,0,0
3500,240.0,110000,1,0,0,0,0
8100,360.0,106000,1,0,0,0,0
11700,864.0,265979,1,0,0,0,0
8400,357.0,160000,1,0,0,0,0
3600,280.0,119000,1,0,0,0,0
17671,424.0,168000,1,0,0,0,0
3300,0.0,58500,1,0,0,0,0
9000,324.0,143000,1,0,0,0,0
7200,280.0,85000,1,0,0,0,0
8820,456.0,124900,1,0,0,0,0
5400,207.0,119000,1,0,0,0,0
9720,640.0,146500,1,0,0,0,0
7879,0.0,34900,1,0,0,0,0
9392,0.0,44000,1,0,0,0,0
21384,528.0,223500,1,0,0,0,0
6615,216.0,149000,1,0,0,0,0
7264,672.0,205000,1,0,0,0,0
4960,336.0,137000,1,0,0,0,0
8854,192.0,121000,1,0,0,0,0
6000,240.0,128000,1,0,0,0,0
6000,624.0,134900,1,0,0,0,0
6000,216.0,117000,1,0,0,0,0
6000,280.0,132500,1,0,0,0,0
6000,320.0,93000,1,0,0,0,0
6000,180.0,119000,1,0,0,0,0
6911,440.0,100000,1,0,0,0,0
6120,576.0,141500,1,0,0,0,0
6120,240.0,133000,1,0,0,0,0
6120,0.0,60000,1,0,0,0,0
6120,180.0,105000,1,0,0,0,0
6120,264.0,115000,1,0,0,0,0
6120,250.0,150000,1,0,0,0,0
8635,1184.0,126500,1,0,0,0,0
11888,441.0,214500,1,0,0,0,0
11414,532.0,167500,1,0,0,0,0
8094,576.0,155000,1,0,0,0,0
2500,164.0,155000,1,0,0,0,0
9928,216.0,179900,1,0,0,0,0
5520,0.0,104000,1,0,0,0,0
3000,0.0,62500,0,0,1,0,0
6876,316.0,149000,1,0,0,0,0
6240,539.0,103000,1,0,0,0,0
5775,379.0,123000,1,0,0,0,0
5852,0.0,97500,0,1,0,0,0
5160,384.0,135000,1,0,0,0,0
5160,0.0,70000,1,0,0,0,0
10320,308.0,116000,0,1,0,0,0
4280,220.0,88750,1,0,0,0,0
10800,0.0,179000,0,0,1,0,0
10800,0.0,179000,0,0,1,0,0
10547,252.0,159900,0,0,1,0,0
10020,0.0,61000,1,0,0,0,0
6629,300.0,103600,1,0,0,0,0
9780,226.0,63000,1,0,0,0,0
12886,480.0,175000,1,0,0,0,0
8816,480.0,139000,1,0,0,0,0
11184,440.0,172500,1,0,0,0,0
11625,668.0,113500,1,0,0,0,0
7800,288.0,130000,1,0,0,0,0
8014,504.0,149900,1,0,0,0,0
7252,576.0,134900,1,0,0,0,0
8740,528.0,137000,1,0,0,0,0
11616,288.0,139000,1,0,0,0,0
15400,384.0,165000,1,0,0,0,0
15312,480.0,148000,1,0,0,0,0
15584,336.0,165000,1,0,0,0,0
9000,0.0,63900,1,0,0,0,0
11250,304.0,161500,1,0,0,0,0
25095,452.0,143000,1,0,0,0,0
17140,284.0,135000,1,0,0,0,0
12342,539.0,82500,1,0,0,0,0
10708,303.0,190000,1,0,0,0,0
13680,452.0,139600,1,0,0,0,0
15635,498.0,122000,1,0,0,0,0
9855,480.0,127500,1,0,0,0,0
9571,340.0,121500,1,0,0,0,0
9571,350.0,60000,1,0,0,0,0
9350,240.0,154400,1,0,0,0,0
9340,234.0,113000,1,0,0,0,0
7440,252.0,125000,1,0,0,0,0
11500,290.0,84000,1,0,0,0,0
4235,266.0,139500,0,0,0,0,1
11409,281.0,131000,1,0,0,0,0
9060,280.0,105000,1,0,0,0,0
9084,296.0,108000,1,0,0,0,0
10778,462.0,162000,1,0,0,0,0
19255,576.0,156500,1,0,0,0,0
12327,612.0,316600,1,0,0,0,0
14684,701.0,271900,1,0,0,0,0
9317,425.0,213000,1,0,0,0,0
10560,473.0,239900,1,0,0,0,0
9828,466.0,239500,1,0,0,0,0
26400,576.0,131000,1,0,0,0,0
7018,410.0,118964,0,0,1,0,0
7018,528.0,153337,0,0,1,0,0
7018,720.0,147983,0,0,1,0,0
7018,400.0,118858,0,0,1,0,0
7018,400.0,118858,0,0,1,0,0
7018,528.0,142953,0,0,1,0,0
7040,672.0,148325,0,0,1,0,0
7007,400.0,113722,0,0,1,0,0
11855,820.0,269500,0,0,1,0,0
7939,820.0,269500,0,0,1,0,0
7976,820.0,269500,0,0,1,0,0
10933,1138.0,323262,1,0,0,0,0
10637,826.0,297000,1,0,0,0,0
10226,860.0,295493,1,0,0,0,0
10816,846.0,332000,1,0,0,0,0
9178,904.0,239900,1,0,0,0,0
10769,578.0,212000,1,0,0,0,0
11422,524.0,272500,1,0,0,0,0
11923,702.0,239000,1,0,0,0,0
8814,660.0,220000,1,0,0,0,0
6762,662.0,200000,1,0,0,0,0
10324,810.0,221800,1,0,0,0,0
7314,632.0,194500,1,0,0,0,0
11645,844.0,237000,1,0,0,0,0
11646,440.0,173000,1,0,0,0,0
12800,569.0,275000,1,0,0,0,0
16698,525.0,233500,1,0,0,0,0
28698,538.0,185000,1,0,0,0,0
12464,576.0,152000,1,0,0,0,0
9757,440.0,143000,1,0,0,0,0
15426,470.0,231500,1,0,0,0,0
10667,550.0,212000,1,0,0,0,0
14753,539.0,207000,1,0,0,0,0
10859,672.0,145000,1,0,0,0,0
8072,480.0,138000,1,0,0,0,0
10400,546.0,197900,1,0,0,0,0
10335,577.0,204000,1,0,0,0,0
9017,666.0,192000,1,0,0,0,0
8750,492.0,200000,1,0,0,0,0
8935,493.0,195000,1,0,0,0,0
9808,544.0,227000,1,0,0,0,0
12420,622.0,230000,1,0,0,0,0
16285,605.0,187100,1,0,0,0,0
10739,577.0,203000,1,0,0,0,0
11166,608.0,201000,1,0,0,0,0
8430,0.0,124000,1,0,0,0,0
16269,343.0,140000,1,0,0,0,0
6950,444.0,134900,1,0,0,0,0
8800,484.0,150500,1,0,0,0,0
7000,336.0,136500,1,0,0,0,0
9286,252.0,143500,1,0,0,0,0
15523,338.0,133500,1,0,0,0,0
7200,600.0,123000,1,0,0,0,0
7200,396.0,133900,1,0,0,0,0
8445,396.0,133000,1,0,0,0,0
11664,1231.0,250000,1,0,0,0,0
12334,570.0,254750,1,0,0,0,0
11838,522.0,236500,1,0,0,0,0
11885,531.0,261500,1,0,0,0,0
11050,736.0,313000,1,0,0,0,0
8749,550.0,198500,1,0,0,0,0
11250,608.0,211000,1,0,0,0,0
15750,521.0,220000,1,0,0,0,0
11883,478.0,203000,1,0,0,0,0
12782,523.0,279500,1,0,0,0,0
8750,511.0,210000,1,0,0,0,0
9375,645.0,219500,1,0,0,0,0
8750,512.0,191000,1,0,0,0,0
9100,573.0,178000,1,0,0,0,0
9750,451.0,213000,1,0,0,0,0
4435,420.0,144000,0,0,0,0,1
4435,420.0,140000,0,0,0,0,1
10200,810.0,293200,1,0,0,0,0
9313,572.0,190000,1,0,0,0,0
8487,570.0,190000,1,0,0,0,0
8633,540.0,173500,1,0,0,0,0
11069,440.0,170000,1,0,0,0,0
8777,520.0,108000,1,0,0,0,0
9937,480.0,167000,1,0,0,0,0
8877,288.0,100000,1,0,0,0,0
7301,672.0,198500,1,0,0,0,0
7950,440.0,159500,1,0,0,0,0
10682,544.0,127000,1,0,0,0,0
7200,352.0,125000,1,0,0,0,0
13286,768.0,320000,1,0,0,0,0
3675,525.0,145500,0,0,0,0,1
9405,0.0,118000,1,0,0,0,0
6410,320.0,85000,1,0,0,0,0
11767,195.0,120000,1,0,0,0,0
8405,240.0,98000,1,0,0,0,0
4060,0.0,99900,1,0,0,0,0
10206,528.0,82000,1,0,0,0,0
10926,0.0,119900,0,0,1,0,0
11767,313.0,103500,1,0,0,0,0
8926,288.0,112000,1,0,0,0,0
12354,528.0,110000,1,0,0,0,0
8212,256.0,122000,1,0,0,0,0
10998,660.0,117000,1,0,0,0,0
6300,250.0,160000,1,0,0,0,0
4500,281.0,159434,1,0,0,0,0
8400,246.0,60000,1,0,0,0,0
9900,240.0,139500,1,0,0,0,0
15863,672.0,197000,1,0,0,0,0
5707,180.0,105000,1,0,0,0,0
7804,576.0,135000,1,0,0,0,0
8574,440.0,147500,1,0,0,0,0
6171,216.0,137450,1,0,0,0,0
7200,576.0,155000,1,0,0,0,0
7558,342.0,177000,1,0,0,0,0
6292,216.0,145000,1,0,0,0,0
7155,215.0,137000,1,0,0,0,0
10918,282.0,234000,1,0,0,0,0
13680,440.0,205000,1,0,0,0,0
7500,213.0,177500,1,0,0,0,0
9600,256.0,160000,1,0,0,0,0
14680,307.0,155000,1,0,0,0,0
13360,432.0,163500,1,0,0,0,0
7681,186.0,154900,1,0,0,0,0
8145,400.0,205000,0,0,1,0,0
9100,390.0,144800,1,0,0,0,0
12000,234.0,174500,1,0,0,0,0
13339,463.0,193000,1,0,0,0,0
15600,295.0,158000,1,0,0,0,0
14000,300.0,158500,1,0,0,0,0
17500,576.0,224000,1,0,0,0,0
1733,452.0,115000,0,0,0,1,0
1488,462.0,137000,0,0,0,0,1
1612,462.0,121000,0,0,0,1,0
1300,462.0,124000,0,0,0,0,1
13607,501.0,208000,1,0,0,0,0
17597,551.0,315000,1,0,0,0,0
21695,540.0,222000,1,0,0,0,0
10690,468.0,147000,1,0,0,0,0
8660,576.0,123000,1,0,0,0,0
6402,189.0,78000,1,0,0,0,0
8470,0.0,85000,1,0,0,0,0
10200,200.0,75000,1,0,0,0,0
3843,482.0,230000,0,0,0,0,1
21780,280.0,57625,1,0,0,0,0
10125,642.0,251000,1,0,0,0,0
12822,670.0,239686,1,0,0,0,0
12118,550.0,240000,1,0,0,0,0
12209,560.0,215000,1,0,0,0,0
9750,351.0,156450,1,0,0,0,0
9360,541.0,173000,1,0,0,0,0
10125,539.0,126000,0,0,1,0,0
9947,497.0,173000,1,0,0,0,0
11070,672.0,152000,1,0,0,0,0
14375,525.0,137500,1,0,0,0,0
215245,513.0,375000,1,0,0,0,0
12898,912.0,315500,1,0,0,0,0
13159,650.0,224500,1,0,0,0,0
13438,780.0,410000,1,0,0,0,0
14463,885.0,316500,1,0,0,0,0
8925,610.0,201000,1,0,0,0,0
11457,576.0,175000,1,0,0,0,0
9839,440.0,204000,1,0,0,0,0
14419,578.0,213500,1,0,0,0,0
6853,471.0,220000,1,0,0,0,0
9157,486.0,170000,1,0,0,0,0
14601,765.0,315000,1,0,0,0,0
12633,920.0,425000,1,0,0,0,0
12518,384.0,139500,1,0,0,0,0
21750,336.0,115000,1,0,0,0,0
4500,412.0,162000,0,0,0,0,1
4500,402.0,165000,0,0,0,0,1
1596,297.0,91000,0,0,0,1,0
9858,288.0,130000,1,0,0,0,0
1526,286.0,86000,0,0,0,1,0
13383,504.0,160000,1,0,0,0,0
1477,286.0,80000,0,0,0,0,1
1533,0.0,97000,0,0,0,1,0
2217,286.0,88000,0,0,0,0,1
7689,336.0,131900,1,0,0,0,0
7706,429.0,131250,1,0,0,0,0
9101,602.0,165500,1,0,0,0,0
8780,0.0,112000,1,0,0,0,0
7669,698.0,149000,1,0,0,0,0
14115,480.0,143000,1,0,0,0,0
10429,440.0,130000,1,0,0,0,0
9819,714.0,196000,1,0,0,0,0
10457,898.0,173000,1,0,0,0,0
11029,601.0,176500,1,0,0,0,0
12925,550.0,237500,1,0,0,0,0
11075,576.0,206900,1,0,0,0,0
8702,470.0,187500,1,0,0,0,0
8139,420.0,165000,1,0,0,0,0
9535,472.0,195500,1,0,0,0,0
9042,472.0,192000,1,0,0,0,0
15038,386.0,173000,1,0,0,0,0
14137,404.0,177900,1,0,0,0,0
21872,406.0,175000,1,0,0,0,0
4923,682.0,286000,0,0,0,0,1
6264,528.0,247900,1,0,0,0,0
5395,462.0,180000,0,0,0,0,1
5070,506.0,180000,0,0,0,0,1
10839,470.0,181000,1,0,0,0,0
11184,460.0,183000,1,0,0,0,0
8000,431.0,188000,1,0,0,0,0
10832,409.0,194500,1,0,0,0,0
14067,416.0,185000,1,0,0,0,0
4671,472.0,189000,0,0,0,0,1
5950,462.0,188500,0,0,0,0,1
13543,683.0,355000,1,0,0,0,0
11198,656.0,325000,1,0,0,0,0
15401,670.0,387000,1,0,0,0,0
31220,495.0,115000,1,0,0,0,0
8118,557.0,334000,0,0,0,0,1
47280,738.0,133000,1,0,0,0,0
20544,542.0,215000,1,0,0,0,0
12680,528.0,226500,1,0,0,0,0
12090,576.0,175500,1,0,0,0,0
10825,598.0,181900,1,0,0,0,0
18559,550.0,235000,1,0,0,0,0
14450,551.0,220000,1,0,0,0,0
12227,619.0,272000,1,0,0,0,0
13068,461.0,161000,1,0,0,0,0
15611,540.0,175000,1,0,0,0,0
10400,489.0,185000,1,0,0,0,0
9743,484.0,146900,1,0,0,0,0
12511,1314.0,292500,1,0,0,0,0
11361,478.0,180000,1,0,0,0,0
10400,473.0,159900,1,0,0,0,0
10480,483.0,205000,1,0,0,0,0
10000,439.0,157000,1,0,0,0,0
14311,787.0,306000,1,0,0,0,0
9000,480.0,133000,0,0,1,0,0
9750,460.0,151000,1,0,0,0,0
10295,288.0,111900,1,0,0,0,0
7560,576.0,123000,1,0,0,0,0
12735,576.0,111250,1,0,0,0,0
4060,511.0,181000,0,0,0,0,1
1680,264.0,103400,0,0,0,1,0
1680,264.0,100000,0,0,0,1,0
1890,352.0,100500,0,0,0,1,0
1869,280.0,106000,0,0,0,1,0
1680,264.0,85400,0,0,0,1,0
1680,264.0,89500,0,0,0,0,1
1680,264.0,111750,0,0,0,1,0
4043,440.0,140000,0,0,0,0,1
2308,460.0,143000,0,0,0,0,1
2529,440.0,148500,0,0,0,1,0
9477,264.0,110000,1,0,0,0,0
12444,774.0,394617,1,0,0,0,0
12474,846.0,426000,1,0,0,0,0
14803,1220.0,385000,1,0,0,0,0
14948,858.0,446261,1,0,0,0,0
12704,905.0,317500,1,0,0,0,0
13891,866.0,372402,1,0,0,0,0
13693,650.0,417500,1,0,0,0,0
14418,706.0,383000,1,0,0,0,0
13418,850.0,390000,1,0,0,0,0
12539,1150.0,460000,1,0,0,0,0
12151,1003.0,379000,1,0,0,0,0
8899,656.0,250000,1,0,0,0,0
10574,756.0,316000,1,0,0,0,0
12720,789.0,615000,1,0,0,0,0
13688,726.0,412500,1,0,0,0,0
10625,871.0,284000,1,0,0,0,0
10845,732.0,284000,1,0,0,0,0
16900,746.0,421250,1,0,0,0,0
16451,795.0,370000,1,0,0,0,0
10110,870.0,336860,0,0,0,0,1
8769,1052.0,367294,0,0,0,0,1
12304,484.0,192000,0,0,0,0,1
12677,588.0,274000,0,0,0,0,1
8849,564.0,266000,0,0,0,0,1
8232,944.0,370967,0,0,0,0,1
6240,550.0,234250,0,0,0,0,1
6240,550.0,219500,0,0,0,0,1
2448,474.0,155000,0,0,0,1,0
2448,474.0,154000,0,0,0,1,0
8198,484.0,207000,0,0,0,0,1
3940,644.0,195000,0,0,0,0,1
3940,668.0,219990,0,0,0,0,1
3182,437.0,191000,0,0,0,0,1
3182,388.0,159895,1,0,0,0,0
3710,428.0,187687,1,0,0,0,0
9024,393.0,179000,1,0,0,0,0
7415,398.0,193000,1,0,0,0,0
9587,400.0,190000,1,0,0,0,0
8029,400.0,176000,1,0,0,0,0
8010,400.0,188000,1,0,0,0,0
8396,434.0,213000,1,0,0,0,0
7301,484.0,217300,0,0,0,0,1
10261,451.0,186500,1,0,0,0,0
8220,431.0,226750,1,0,0,0,0
15384,388.0,184000,1,0,0,0,0
7750,403.0,176000,1,0,0,0,0
12460,400.0,225000,1,0,0,0,0
8390,450.0,185900,1,0,0,0,0
9660,516.0,284500,1,0,0,0,0
9200,696.0,315000,1,0,0,0,0
14260,836.0,250000,1,0,0,0,0
11000,687.0,291000,1,0,0,0,0
11675,938.0,350000,1,0,0,0,0
10990,576.0,279500,1,0,0,0,0
11929,751.0,290000,1,0,0,0,0
10437,839.0,350000,1,0,0,0,0
10542,983.0,341000,1,0,0,0,0
10010,783.0,287500,1,0,0,0,0
10944,525.0,271000,1,0,0,0,0
14303,691.0,301500,1,0,0,0,0
11932,830.0,235128,1,0,0,0,0
14598,668.0,214000,1,0,0,0,0
11957,824.0,232000,1,0,0,0,0
13253,642.0,240000,1,0,0,0,0
14587,592.0,264132,1,0,0,0,0
10206,758.0,245000,1,0,0,0,0
12274,554.0,227680,1,0,0,0,0
9801,851.0,257000,1,0,0,0,0
9428,880.0,297900,1,0,0,0,0
10037,480.0,247000,1,0,0,0,0
8640,588.0,212700,1,0,0,0,0
8640,529.0,250580,1,0,0,0,0
11639,480.0,182000,1,0,0,0,0
9803,603.0,226700,1,0,0,0,0
9375,648.0,250000,1,0,0,0,0
10625,936.0,250000,1,0,0,0,0
10800,836.0,339750,1,0,0,0,0
8125,562.0,205950,1,0,0,0,0
10625,660.0,256000,1,0,0,0,0
7500,462.0,230348,1,0,0,0,0
8791,673.0,207500,1,0,0,0,0
7500,0.0,141000,1,0,0,0,0
10110,542.0,188000,1,0,0,0,0
12774,478.0,192500,1,0,0,0,0
13072,0.0,146000,1,0,0,0,0
13695,576.0,159000,1,0,0,0,0
13695,576.0,155000,1,0,0,0,0
8366,520.0,173000,1,0,0,0,0
9260,483.0,170000,1,0,0,0,0
8453,525.0,182000,1,0,0,0,0
8480,474.0,163000,1,0,0,0,0
8125,575.0,193500,1,0,0,0,0
14565,483.0,189000,1,0,0,0,0
8450,627.0,190500,1,0,0,0,0
8285,506.0,175000,1,0,0,0,0
7153,496.0,179200,1,0,0,0,0
9291,506.0,187000,1,0,0,0,0
8012,533.0,193000,0,0,0,0,1
7892,530.0,153900,0,0,0,0,1
9100,384.0,128000,1,0,0,0,0
12968,352.0,144000,1,0,0,0,0
8100,420.0,135000,1,0,0,0,0
8450,308.0,115000,0,1,0,0,0
6360,276.0,119916,1,0,0,0,0
6768,288.0,142000,1,0,0,0,0
19508,484.0,192000,1,0,0,0,0
10759,490.0,140000,1,0,0,0,0
9205,473.0,290000,1,0,0,0,0
11025,636.0,372500,1,0,0,0,0
4282,530.0,196000,0,0,0,0,1
4017,625.0,171900,0,0,0,0,1
3435,495.0,178000,0,0,0,0,1
3180,480.0,165000,0,0,0,0,1
3180,540.0,146000,0,0,0,0,1
3604,540.0,146000,0,0,0,0,1
2280,440.0,179400,0,0,0,1,0
2280,440.0,172900,0,0,0,1,0
4765,495.0,300000,0,0,0,0,1
4538,545.0,285000,0,0,0,0,1
4385,588.0,290000,0,0,0,0,1
4109,484.0,305000,0,0,0,0,1
5119,506.0,328900,0,0,0,0,1
2160,462.0,160000,0,0,0,1,0
2160,462.0,170000,0,0,0,1,0
10646,546.0,223000,1,0,0,0,0
2645,480.0,170000,0,0,0,1,0
2645,480.0,200000,0,0,0,1,0
3951,846.0,345000,0,0,0,0,1
14963,500.0,245500,0,0,0,0,1
11064,477.0,217500,0,0,0,0,1
10846,473.0,324000,0,0,0,0,1
11120,516.0,162500,1,0,0,0,0
24572,864.0,150000,1,0,0,0,0
16280,550.0,290000,1,0,0,0,0
7500,469.0,205000,1,0,0,0,0
10400,530.0,174000,1,0,0,0,0
11104,516.0,183000,1,0,0,0,0
11050,512.0,150000,1,0,0,0,0
11040,528.0,145000,1,0,0,0,0
15387,578.0,215000,1,0,0,0,0
9750,484.0,140500,0,0,1,0,0
10800,624.0,240000,1,0,0,0,0
8814,470.0,141000,1,0,0,0,0
8872,576.0,147000,1,0,0,0,0
8125,576.0,135000,1,0,0,0,0
11072,576.0,145000,0,0,1,0,0
13101,576.0,142600,0,0,1,0,0
9246,506.0,135000,0,0,1,0,0
13355,464.0,170000,1,0,0,0,0
8963,831.0,299800,1,0,0,0,0
9120,540.0,185000,1,0,0,0,0
9130,484.0,173000,1,0,0,0,0
12122,588.0,178400,1,0,0,0,0
9900,486.0,176000,1,0,0,0,0
7785,267.0,98000,1,0,0,0,0
8593,352.0,109008,1,0,0,0,0
8475,283.0,135750,1,0,0,0,0
8700,525.0,155000,1,0,0,0,0
10175,576.0,180500,1,0,0,0,0
9020,490.0,174900,1,0,0,0,0
9200,384.0,140000,1,0,0,0,0
8250,504.0,145000,1,0,0,0,0
9350,502.0,179900,1,0,0,0,0
9020,520.0,168500,1,0,0,0,0
9900,451.0,140000,1,0,0,0,0
10007,312.0,145500,1,0,0,0,0
10721,528.0,142000,1,0,0,0,0
12493,312.0,141000,1,0,0,0,0
11332,264.0,153000,1,0,0,0,0
6627,287.0,72500,1,0,0,0,0
4130,0.0,52000,1,0,0,0,0
7420,205.0,118000,0,1,0,0,0
4882,231.0,87000,1,0,0,0,0
9600,450.0,141500,1,0,0,0,0
9600,288.0,119000,1,0,0,0,0
9600,264.0,141500,1,0,0,0,0
9600,377.0,165500,1,0,0,0,0
7584,312.0,112900,1,0,0,0,0
13700,492.0,201800,1,0,0,0,0
10197,504.0,163000,1,0,0,0,0
7875,456.0,139950,1,0,0,0,0
8400,462.0,174000,1,0,0,0,0
9150,296.0,165000,1,0,0,0,0
14670,480.0,227000,1,0,0,0,0
7390,260.0,135000,1,0,0,0,0
9204,336.0,124000,1,0,0,0,0
7763,506.0,140000,1,0,0,0,0
8856,292.0,136500,1,0,0,0,0
9840,480.0,185000,1,0,0,0,0
9120,433.0,163000,1,0,0,0,0
13200,441.0,166800,1,0,0,0,0
9000,297.0,139000,1,0,0,0,0
11900,458.0,166000,1,0,0,0,0
9464,288.0,136000,1,0,0,0,0
10425,384.0,133000,1,0,0,0,0
11556,240.0,116000,1,0,0,0,0
9373,636.0,137500,1,0,0,0,0
12774,400.0,130000,1,0,0,0,0
14250,540.0,180000,1,0,0,0,0
7350,840.0,139000,1,0,0,0,0
7677,240.0,110000,1,0,0,0,0
8838,301.0,100000,1,0,0,0,0
8480,336.0,118500,1,0,0,0,0
12436,484.0,146000,0,0,1,0,0
10122,390.0,89900,1,0,0,0,0
7506,288.0,114000,1,0,0,0,0
10930,288.0,140000,1,0,0,0,0
5400,308.0,86900,1,0,0,0,0
10836,1488.0,139000,1,0,0,0,0
10800,0.0,106250,0,1,0,0,0
9247,490.0,171000,1,0,0,0,0
10180,372.0,139000,1,0,0,0,0
11355,495.0,186000,1,0,0,0,0
10920,352.0,157000,1,0,0,0,0
12929,401.0,148000,1,0,0,0,0
27650,505.0,242000,1,0,0,0,0
8892,414.0,116000,1,0,0,0,0
7200,576.0,94000,1,0,0,0,0
7200,420.0,98300,1,0,0,0,0
7910,404.0,127000,1,0,0,0,0
8000,311.0,159000,1,0,0,0,0
8000,299.0,125900,1,0,0,0,0
7931,308.0,155000,1,0,0,0,0
8064,576.0,138000,1,0,0,0,0
6390,280.0,112500,1,0,0,0,0
7227,528.0,105500,1,0,0,0,0
7200,240.0,127500,1,0,0,0,0
8513,0.0,130000,0,0,1,0,0
7200,480.0,150000,1,0,0,0,0
7200,350.0,109500,1,0,0,0,0
7056,483.0,140000,1,0,0,0,0
9760,442.0,167900,1,0,0,0,0
7590,264.0,136870,1,0,0,0,0
9836,308.0,143000,1,0,0,0,0
5232,504.0,73000,1,0,0,0,0
10440,686.0,157500,1,0,0,0,0
9184,400.0,122600,1,0,0,0,0
4800,330.0,111000,1,0,0,0,0
10440,520.0,256000,1,0,0,0,0
4800,256.0,64000,1,0,0,0,0
6000,308.0,139500,1,0,0,0,0
11426,0.0,118000,0,1,0,0,0
11426,484.0,200000,1,0,0,0,0
7628,440.0,119164,1,0,0,0,0
7308,225.0,122250,1,0,0,0,0
5400,0.0,120000,1,0,0,0,0
10800,828.0,155000,0,1,0,0,0
6756,200.0,78000,1,0,0,0,0
5914,0.0,95000,1,0,0,0,0
6000,250.0,115000,1,0,0,0,0
12000,528.0,147000,1,0,0,0,0
9000,869.0,140000,1,0,0,0,0
7311,297.0,46500,1,0,0,0,0
6000,288.0,112500,1,0,0,0,0
6000,281.0,107900,1,0,0,0,0
12205,0.0,65000,1,0,0,0,0
18386,870.0,295000,1,0,0,0,0
9142,420.0,139500,0,1,0,0,0
12665,720.0,153900,1,0,0,0,0
5350,288.0,132000,1,0,0,0,0
4571,513.0,98000,1,0,0,0,0
9143,308.0,114000,1,0,0,0,0
9600,393.0,130000,0,1,0,0,0
9600,396.0,129500,1,0,0,0,0
6000,0.0,129400,1,0,0,0,0
9600,360.0,161000,1,0,0,0,0
10800,672.0,163000,0,1,0,0,0
6300,0.0,128000,1,0,0,0,0
5250,0.0,122000,1,0,0,0,0
5700,288.0,116900,1,0,0,0,0
13500,880.0,325000,1,0,0,0,0
11340,400.0,55000,1,0,0,0,0
10800,342.0,184000,1,0,0,0,0
9750,308.0,110000,1,0,0,0,0
12150,352.0,131500,1,0,0,0,0
12702,308.0,97000,1,0,0,0,0
8516,308.0,115500,1,0,0,0,0
7111,288.0,138000,1,0,0,0,0
7425,252.0,108000,1,0,0,0,0
9100,308.0,79500,1,0,0,0,0
7010,240.0,153000,1,0,0,0,0
6130,0.0,109500,1,0,0,0,0
5000,240.0,124000,1,0,0,0,0
5870,200.0,106900,1,0,0,0,0
6000,240.0,164900,1,0,0,0,0
6000,370.0,119000,1,0,0,0,0
6000,208.0,120000,1,0,0,0,0
6000,672.0,157000,1,0,0,0,0
6000,240.0,105000,1,0,0,0,0
5000,160.0,113000,1,0,0,0,0
5520,355.0,115000,1,0,0,0,0
5940,280.0,79000,1,0,0,0,0
6240,336.0,123000,1,0,0,0,0
6120,164.0,81300,1,0,0,0,0
6240,360.0,162900,1,0,0,0,0
6240,400.0,150000,1,0,0,0,0
6120,576.0,123500,1,0,0,0,0
6120,468.0,129900,1,0,0,0,0
6155,502.0,128000,1,0,0,0,0
6324,240.0,68500,1,0,0,0,0
8635,240.0,127000,1,0,0,0,0
13053,370.0,207000,1,0,0,0,0
9120,240.0,184000,1,0,0,0,0
9144,672.0,162500,1,0,0,0,0
9144,240.0,145000,1,0,0,0,0
10267,275.0,130000,1,0,0,0,0
8094,360.0,160000,0,1,0,0,0
5100,228.0,161000,1,0,0,0,0
4347,228.0,127500,1,0,0,0,0
6291,440.0,93850,1,0,0,0,0
10266,308.0,136000,1,0,0,0,0
6876,400.0,141000,1,0,0,0,0
10320,400.0,120000,1,0,0,0,0
7200,320.0,127500,1,0,0,0,0
7006,384.0,127000,1,0,0,0,0
7920,0.0,89500,1,0,0,0,0
8235,720.0,125000,1,0,0,0,0
5586,0.0,79900,1,0,0,0,0
10320,576.0,85000,1,0,0,0,0
10320,0.0,82375,0,1,0,0,0
10320,216.0,135000,1,0,0,0,0
9488,240.0,124000,1,0,0,0,0
8250,322.0,134000,1,0,0,0,0
21286,312.0,135000,1,0,0,0,0
17120,680.0,134432,1,0,0,0,0
10106,0.0,127500,0,1,0,0,0
11235,440.0,148000,1,0,0,0,0
11200,384.0,129500,1,0,0,0,0
13014,484.0,157500,1,0,0,0,0
7162,408.0,109900,1,0,0,0,0
10265,294.0,145000,1,0,0,0,0
9764,450.0,130000,1,0,0,0,0
7703,504.0,153000,1,0,0,0,0
9981,270.0,120000,1,0,0,0,0
7400,506.0,152000,1,0,0,0,0
12900,400.0,108959,0,0,1,0,0
12900,400.0,95541,0,1,0,0,0
9000,0.0,80000,1,0,0,0,0
8544,271.0,149350,1,0,0,0,0
9239,300.0,144900,1,0,0,0,0
14175,621.0,185000,1,0,0,0,0
13284,354.0,165000,1,0,0,0,0
13500,564.0,235000,1,0,0,0,0
13825,300.0,140000,1,0,0,0,0
10200,240.0,108000,1,0,0,0,0
10532,626.0,145000,1,0,0,0,0
8375,627.0,152400,1,0,0,0,0
10200,912.0,144000,1,0,0,0,0
2887,431.0,173000,1,0,0,0,0
10005,505.0,192000,1,0,0,0,0
20270,478.0,245000,1,0,0,0,0
39104,439.0,241500,1,0,0,0,0
53227,529.0,256000,1,0,0,0,0
11512,312.0,177000,1,0,0,0,0
5190,249.0,125600,1,0,0,0,0
10452,495.0,155000,1,0,0,0,0
45600,360.0,240000,1,0,0,0,0
19550,0.0,260000,1,0,0,0,0
21780,396.0,185000,1,0,0,0,0
13728,540.0,235000,1,0,0,0,0
9571,322.0,159900,1,0,0,0,0
9350,0.0,99600,0,0,1,0,0
9360,280.0,134500,1,0,0,0,0
8405,384.0,119000,1,0,0,0,0
7000,0.0,107500,0,1,0,0,0
10880,240.0,125000,0,1,0,0,0
9600,0.0,79000,1,0,0,0,0
9084,200.0,95000,1,0,0,0,0
11839,514.0,262280,1,0,0,0,0
9771,614.0,260000,1,0,0,0,0
9938,534.0,226500,1,0,0,0,0
14171,453.0,225000,1,0,0,0,0
10541,472.0,229000,1,0,0,0,0
10616,484.0,177439,1,0,0,0,0
9345,864.0,248500,1,0,0,0,0
11778,1348.0,475000,1,0,0,0,0
11778,874.0,395039,1,0,0,0,0
11228,678.0,228000,1,0,0,0,0
11454,811.0,225000,1,0,0,0,0
11500,438.0,195000,1,0,0,0,0
12798,603.0,200000,1,0,0,0,0
9750,528.0,155000,1,0,0,0,0
9525,352.0,144000,1,0,0,0,0
9245,672.0,145000,1,0,0,0,0
8696,558.0,226001,1,0,0,0,0
13142,600.0,215700,1,0,0,0,0
8998,532.0,207500,1,0,0,0,0
9179,588.0,193000,1,0,0,0,0
8924,527.0,188000,1,0,0,0,0
9382,577.0,191000,1,0,0,0,0
12803,530.0,221000,1,0,0,0,0
12435,564.0,231500,1,0,0,0,0
12192,626.0,235000,1,0,0,0,0
11250,608.0,223500,1,0,0,0,0
9200,308.0,130250,1,0,0,0,0
8385,328.0,149900,1,0,0,0,0
12250,528.0,158000,1,0,0,0,0
10970,576.0,147000,1,0,0,0,0
9216,576.0,143195,1,0,0,0,0
14330,440.0,163000,1,0,0,0,0
7990,280.0,110000,1,0,0,0,0
7180,352.0,127000,1,0,0,0,0
7200,352.0,124900,1,0,0,0,0
9742,534.0,230000,1,0,0,0,0
9473,577.0,237000,1,0,0,0,0
10316,839.0,235000,1,0,0,0,0
10400,570.0,230500,1,0,0,0,0
9066,660.0,230000,1,0,0,0,0
11404,541.0,222500,1,0,0,0,0
9240,905.0,287000,1,0,0,0,0
9720,725.0,274000,1,0,0,0,0
14860,715.0,300000,1,0,0,0,0
11250,779.0,255900,1,0,0,0,0
8158,543.0,224900,1,0,0,0,0
10905,596.0,240000,1,0,0,0,0
7226,595.0,183000,1,0,0,0,0
11690,560.0,207000,1,0,0,0,0
8750,493.0,210000,1,0,0,0,0
4435,420.0,136500,0,0,0,0,1
4426,420.0,145000,0,0,0,0,1
13125,508.0,208900,1,0,0,0,0
10126,721.0,185000,0,0,1,0,0
9135,532.0,214000,1,0,0,0,0
8450,548.0,208500,1,0,0,0,0
9750,470.0,186500,1,0,0,0,0
8450,484.0,210000,1,0,0,0,0
8320,520.0,185900,1,0,0,0,0
11049,484.0,179900,1,0,0,0,0
11058,814.0,218836,1,0,0,0,0
9627,610.0,193000,1,0,0,0,0
8199,410.0,189000,1,0,0,0,0
4426,420.0,149300,0,0,0,0,1
4426,420.0,141000,0,0,0,0,1
4438,420.0,149000,0,0,0,0,1
4438,420.0,144500,0,0,0,0,1
8777,0.0,85000,1,0,0,0,0
8777,0.0,145900,0,0,1,0,0
9825,264.0,123000,1,0,0,0,0
9937,276.0,147500,1,0,0,0,0
12102,504.0,165000,1,0,0,0,0
6500,480.0,135000,1,0,0,0,0
13907,0.0,108000,1,0,0,0,0
10012,588.0,137500,1,0,0,0,0
6931,397.0,165400,1,0,0,0,0
9638,542.0,147000,1,0,0,0,0
7200,440.0,160500,1,0,0,0,0
7024,451.0,176000,1,0,0,0,0
47007,624.0,284700,1,0,0,0,0
63887,1418.0,160000,1,0,0,0,0
3675,525.0,148000,0,0,0,0,1
6040,0.0,82000,0,0,1,0,0
6012,0.0,82000,0,0,1,0,0
12108,0.0,118000,0,0,1,0,0
6845,0.0,82500,0,0,1,0,0
6931,0.0,91900,0,1,0,0,0
12180,0.0,120000,1,0,0,0,0
8050,0.0,96000,1,0,0,0,0
9520,286.0,99000,1,0,0,0,0
11767,240.0,130500,1,0,0,0,0
8172,548.0,135000,1,0,0,0,0
16466,300.0,135500,1,0,0,0,0
7692,312.0,100000,1,0,0,0,0
5142,205.0,108000,1,0,0,0,0
5604,0.0,98000,1,0,0,0,0
8248,0.0,67000,1,0,0,0,0
5687,0.0,135900,0,1,0,0,0
12155,400.0,140000,1,0,0,0,0
8400,240.0,179500,1,0,0,0,0
8400,576.0,136500,1,0,0,0,0
7290,312.0,168000,1,0,0,0,0
8525,0.0,130000,1,0,0,0,0
9842,621.0,189000,1,0,0,0,0
7804,480.0,161900,0,0,1,0,0
8969,369.0,145000,1,0,0,0,0
11526,672.0,191000,1,0,0,0,0
15576,308.0,177000,1,0,0,0,0
15564,400.0,147500,1,0,0,0,0
6292,160.0,91000,1,0,0,0,0
7609,180.0,231000,1,0,0,0,0
10480,240.0,115000,1,0,0,0,0
9650,599.0,138000,1,0,0,0,0
7200,270.0,149000,1,0,0,0,0
11988,240.0,188700,1,0,0,0,0
11700,240.0,198000,1,0,0,0,0
9260,225.0,110000,1,0,0,0,0
7801,344.0,104000,1,0,0,0,0
9670,786.0,257076,1,0,0,0,0
14100,1014.0,381000,1,0,0,0,0
15660,431.0,311500,1,0,0,0,0
12392,506.0,263400,1,0,0,0,0
26073,484.0,236500,1,0,0,0,0
14778,924.0,224000,1,0,0,0,0
1879,462.0,116500,0,0,0,1,0
1950,452.0,151000,0,0,0,1,0
7000,195.0,126000,1,0,0,0,0
6000,240.0,120000,1,0,0,0,0
3636,0.0,55000,1,0,0,0,0
5890,432.0,120500,1,0,0,0,0
6900,924.0,120500,1,0,0,0,0
8155,0.0,119000,1,0,0,0,0
6000,288.0,126000,1,0,0,0,0
7392,360.0,99500,1,0,0,0,0
9000,356.0,165500,1,0,0,0,0
14584,487.0,13100,1,0,0,0,0
5280,185.0,89000,1,0,0,0,0
8500,250.0,40000,1,0,0,0,0
5150,195.0,80900,1,0,0,0,0
18000,1248.0,81000,1,0,0,0,0
9000,216.0,65000,1,0,0,0,0
5587,482.0,392500,0,0,0,0,1
3843,525.0,294464,0,0,0,0,1
3811,482.0,250000,0,0,0,0,1
3842,482.0,275000,0,0,0,0,1
23730,786.0,300000,1,0,0,0,0
13265,857.0,271000,1,0,0,0,0
11050,816.0,213000,1,0,0,0,0
9880,358.0,171000,1,0,0,0,0
10125,473.0,171500,1,0,0,0,0
10260,484.0,100000,0,0,1,0,0
9990,432.0,228500,1,0,0,0,0
164660,529.0,228950,0,1,0,0,0
4084,512.0,241500,0,0,0,0,1
15498,665.0,287000,1,0,0,0,0
11563,788.0,294000,1,0,0,0,0
9520,800.0,293077,1,0,0,0,0
12852,612.0,264966,1,0,0,0,0
9802,400.0,172500,1,0,0,0,0
9735,400.0,167500,1,0,0,0,0
12018,666.0,218689,1,0,0,0,0
12890,438.0,150000,1,0,0,0,0
12416,616.0,184000,1,0,0,0,0
18265,578.0,180000,1,0,0,0,0
10200,600.0,175000,1,0,0,0,0
11202,467.0,232500,1,0,0,0,0
7915,435.0,195000,1,0,0,0,0
12244,749.0,305000,1,0,0,0,0
11449,520.0,298751,1,0,0,0,0
11447,892.0,370000,1,0,0,0,0
8940,784.0,209200,0,0,1,0,0
7060,784.0,206300,0,0,1,0,0
9278,0.0,146000,1,0,0,0,0
4500,392.0,160500,0,0,0,0,1
14137,850.0,173000,1,0,0,0,0
4224,499.0,124000,0,0,0,0,1
2665,336.0,115000,0,0,0,0,1
2665,336.0,129500,0,0,0,0,1
1974,297.0,105000,0,0,0,1,0
1596,297.0,94900,0,0,0,1,0
17979,257.0,152500,1,0,0,0,0
1477,0.0,98000,0,0,0,1,0
1890,0.0,81000,0,0,0,1,0
21750,520.0,113000,1,0,0,0,0
6490,264.0,128500,1,0,0,0,0
6951,264.0,119500,1,0,0,0,0
6600,264.0,130500,1,0,0,0,0
6600,816.0,138000,1,0,0,0,0
6600,264.0,134500,1,0,0,0,0
12508,423.0,160000,1,0,0,0,0
12395,484.0,137500,1,0,0,0,0
11075,530.0,172000,1,0,0,0,0
56600,288.0,103000,1,0,0,0,0
10667,525.0,167300,1,0,0,0,0
10628,526.0,167000,1,0,0,0,0
13651,516.0,244000,1,0,0,0,0
15865,621.0,268000,1,0,0,0,0
12394,433.0,225000,1,0,0,0,0
10364,373.0,168000,1,0,0,0,0
13869,388.0,177000,1,0,0,0,0
8773,460.0,169000,1,0,0,0,0
8872,390.0,161500,1,0,0,0,0
5330,499.0,251000,0,0,0,0,1
10147,398.0,160000,1,0,0,0,0
8637,451.0,180000,1,0,0,0,0
7875,420.0,178750,1,0,0,0,0
7875,402.0,176000,1,0,0,0,0
7500,482.0,204000,1,0,0,0,0
9556,420.0,160000,1,0,0,0,0
10784,402.0,160000,1,0,0,0,0
9125,392.0,163900,1,0,0,0,0
7655,392.0,168000,1,0,0,0,0
18160,480.0,154204,1,0,0,0,0
3696,461.0,170000,0,0,0,0,1
5062,577.0,207500,0,0,0,0,1
4740,480.0,182000,0,0,0,0,1
5118,484.0,212000,0,0,0,0,1
14157,676.0,377426,1,0,0,0,0
12328,729.0,349265,1,0,0,0,0
51974,1110.0,591587,1,0,0,0,0
41600,828.0,155000,0,1,0,0,0
8035,556.0,319900,0,0,0,0,1
8089,567.0,392000,1,0,0,0,0
14082,724.0,441929,1,0,0,0,0
13870,724.0,455000,1,0,0,0,0
12546,467.0,182900,1,0,0,0,0
10960,480.0,174000,1,0,0,0,0
12090,477.0,178000,1,0,0,0,0
12090,484.0,176000,1,0,0,0,0
12299,663.0,213000,1,0,0,0,0
11339,481.0,192000,1,0,0,0,0
11952,534.0,190000,1,0,0,0,0
12046,551.0,195000,1,0,0,0,0
10395,564.0,148000,1,0,0,0,0
11850,495.0,151500,1,0,0,0,0
11584,550.0,197000,1,0,0,0,0
10400,478.0,192350,1,0,0,0,0
10793,462.0,152000,1,0,0,0,0
13001,944.0,170000,1,0,0,0,0
12243,487.0,175000,1,0,0,0,0
11700,539.0,175000,1,0,0,0,0
12384,550.0,197900,1,0,0,0,0
8991,585.0,174000,1,0,0,0,0
8000,488.0,178900,1,0,0,0,0
10500,288.0,139000,1,0,0,0,0
10530,576.0,143250,1,0,0,0,0
7472,484.0,184000,1,0,0,0,0
9457,576.0,155000,1,0,0,0,0
7920,368.0,133000,1,0,0,0,0
9758,280.0,119500,1,0,0,0,0
8294,480.0,123000,1,0,0,0,0
7340,684.0,110000,1,0,0,0,0
17199,270.0,128000,1,0,0,0,0
9000,528.0,120500,1,0,0,0,0
4058,367.0,133000,0,0,0,0,1
4113,511.0,155000,0,0,0,0,1
10943,522.0,177000,0,0,0,0,1
2205,264.0,113500,0,0,0,1,0
1890,264.0,113000,0,0,0,1,0
2058,264.0,113700,0,0,0,1,0
2016,440.0,106000,0,0,0,0,1
1920,440.0,122500,0,0,0,0,1
4928,440.0,128000,0,0,0,0,1
2308,440.0,155000,0,0,0,0,1
2304,319.0,142500,0,0,0,1,0
7150,360.0,129250,1,0,0,0,0
12469,730.0,356000,1,0,0,0,0
11694,774.0,314813,1,0,0,0,0
12030,818.0,318000,1,0,0,0,0
11825,856.0,322400,1,0,0,0,0
12085,928.0,318000,1,0,0,0,0
14333,938.0,345474,1,0,0,0,0
14450,732.0,415298,1,0,0,0,0
13641,1040.0,492000,1,0,0,0,0
13440,670.0,338931,1,0,0,0,0
15431,878.0,450000,1,0,0,0,0
14154,947.0,280000,1,0,0,0,0
13891,932.0,479069,1,0,0,0,0
14226,895.0,395000,1,0,0,0,0
13693,694.0,380000,1,0,0,0,0
11428,866.0,250000,1,0,0,0,0
14977,908.0,440000,1,0,0,0,0
13654,814.0,418000,1,0,0,0,0
17169,1174.0,500067,1,0,0,0,0
16659,728.0,260116,1,0,0,0,0
9591,852.0,317000,1,0,0,0,0
9709,786.0,319500,1,0,0,0,0
10562,789.0,325624,1,0,0,0,0
13615,843.0,372000,1,0,0,0,0
13069,916.0,342000,1,0,0,0,0
12099,872.0,354000,1,0,0,0,0
14277,818.0,350000,1,0,0,0,0
11999,656.0,285000,1,0,0,0,0
12568,774.0,281500,1,0,0,0,0
9926,878.0,245700,1,0,0,0,0
9254,554.0,232698,1,0,0,0,0
10732,876.0,250000,1,0,0,0,0
7577,460.0,194700,0,0,0,0,1
3901,631.0,204000,0,0,0,1,0
3903,631.0,200000,0,0,0,1,0
6289,460.0,207000,0,0,0,0,1
4590,627.0,209500,0,0,0,1,0
4590,627.0,209500,0,0,0,1,0
6442,484.0,202500,0,0,0,0,1
7841,564.0,280000,0,0,0,0,1
7313,556.0,277500,0,0,0,0,1
7820,617.0,318061,0,0,0,0,1
6240,550.0,221370,0,0,0,0,1
3242,478.0,200000,0,0,0,0,1
15810,572.0,181755,1,0,0,0,0
10237,400.0,176000,1,0,0,0,0
10237,393.0,178900,1,0,0,0,0
13204,454.0,168165,1,0,0,0,0
8857,440.0,171925,1,0,0,0,0
9729,350.0,198444,1,0,0,0,0
12216,388.0,203000,1,0,0,0,0
9018,400.0,179540,1,0,0,0,0
8993,436.0,176485,1,0,0,0,0
8899,396.0,181134,1,0,0,0,0
8499,432.0,156932,1,0,0,0,0
8229,440.0,166000,1,0,0,0,0
7713,400.0,177594,1,0,0,0,0
7697,462.0,173500,1,0,0,0,0
3922,648.0,172500,0,0,0,0,1
3922,648.0,194201,0,0,0,0,1
3621,630.0,226500,0,0,0,0,1
3710,388.0,185485,1,0,0,0,0
14572,630.0,259000,1,0,0,0,0
16219,437.0,188500,1,0,0,0,0
11084,400.0,175000,1,0,0,0,0
11796,434.0,215000,1,0,0,0,0
10936,534.0,206580,1,0,0,0,0
8244,440.0,183500,1,0,0,0,0
11950,400.0,165500,1,0,0,0,0
7875,434.0,211000,1,0,0,0,0
8063,463.0,181000,1,0,0,0,0
8740,435.0,219500,1,0,0,0,0
7917,460.0,175000,1,0,0,0,0
9967,400.0,170000,1,0,0,0,0
7750,400.0,162000,1,0,0,0,0
9487,442.0,187000,1,0,0,0,0
9649,460.0,185000,1,0,0,0,0
15623,813.0,745000,1,0,0,0,0
12191,925.0,384500,1,0,0,0,0
11000,648.0,248000,1,0,0,0,0
11400,804.0,466500,1,0,0,0,0
10557,806.0,410000,1,0,0,0,0
11002,758.0,322500,1,0,0,0,0
10790,600.0,252000,1,0,0,0,0
21535,832.0,755000,1,0,0,0,0
9920,455.0,269790,1,0,0,0,0
11787,834.0,315750,1,0,0,0,0
9950,721.0,290000,1,0,0,0,0
12257,752.0,290000,1,0,0,0,0
12692,546.0,430000,1,0,0,0,0
11762,517.0,263000,1,0,0,0,0
9044,933.0,330000,1,0,0,0,0
9910,605.0,213133,1,0,0,0,0
11830,852.0,260261,1,0,0,0,0
11670,788.0,320000,1,0,0,0,0
15256,754.0,282922,1,0,0,0,0
10612,484.0,215000,1,0,0,0,0
12291,1092.0,419005,1,0,0,0,0
13501,865.0,255000,1,0,0,0,0
9986,895.0,147000,1,0,0,0,0
9965,480.0,235876,1,0,0,0,0
9416,786.0,311872,1,0,0,0,0
9849,954.0,248328,1,0,0,0,0
10000,825.0,227000,1,0,0,0,0
8847,484.0,260000,1,0,0,0,0
9158,474.0,225000,1,0,0,0,0
8251,672.0,249000,1,0,0,0,0
10084,636.0,307000,1,0,0,0,0
9605,574.0,250000,1,0,0,0,0
8778,859.0,221300,1,0,0,0,0
8640,598.0,208900,1,0,0,0,0
9000,575.0,210400,1,0,0,0,0
8640,590.0,255000,1,0,0,0,0
10411,561.0,212109,1,0,0,0,0
9000,1025.0,270000,1,0,0,0,0
9000,550.0,303477,1,0,0,0,0
12217,880.0,310013,1,0,0,0,0
11096,826.0,249700,1,0,0,0,0
10207,578.0,227875,1,0,0,0,0
10440,594.0,261329,1,0,0,0,0
11824,658.0,253000,1,0,0,0,0
10625,744.0,265000,1,0,0,0,0
11143,610.0,340000,1,0,0,0,0
7500,0.0,146000,1,0,0,0,0
7500,0.0,147000,1,0,0,0,0
12450,576.0,149000,1,0,0,0,0
7441,566.0,181000,1,0,0,0,0
8462,471.0,201000,1,0,0,0,0
11613,492.0,191750,1,0,0,0,0
8450,539.0,179000,1,0,0,0,0
16196,514.0,215000,1,0,0,0,0
8012,529.0,179200,0,0,0,0,1
8012,283.0,128000,0,0,0,0,1
9180,504.0,144000,1,0,0,0,0
8400,630.0,144000,0,0,1,0,0
6285,308.0,120750,1,0,0,0,0
8480,624.0,132500,1,0,0,0,0
7420,576.0,132000,1,0,0,0,0
7758,264.0,132500,1,0,0,0,0
6970,544.0,129000,1,0,0,0,0
13673,349.0,143900,1,0,0,0,0
7476,686.0,145000,1,0,0,0,0
9945,572.0,128500,1,0,0,0,0
6173,288.0,125500,1,0,0,0,0
19522,564.0,300000,1,0,0,0,0
17542,518.0,294000,1,0,0,0,0
10751,431.0,129000,1,0,0,0,0
16647,611.0,171000,1,0,0,0,0
12712,542.0,147000,1,0,0,0,0
9572,750.0,302000,1,0,0,0,0
10678,541.0,285000,1,0,0,0,0
4379,540.0,214000,0,0,0,0,1
3523,484.0,166000,0,0,0,0,1
3784,476.0,193800,0,0,0,0,1
4230,466.0,208900,0,0,0,0,1
3606,466.0,194000,0,0,0,0,1
5330,528.0,207500,0,0,0,0,1
4274,569.0,199900,0,0,0,0,1
4251,528.0,164700,0,0,0,0,1
2280,440.0,176500,0,0,0,1,0
3230,440.0,176000,0,0,0,0,1
2117,440.0,168500,0,0,0,0,1
2117,440.0,177000,0,0,0,1,0
2117,440.0,177000,0,0,0,1,0
5105,480.0,148800,0,0,0,0,1
2645,492.0,174000,0,0,0,1,0
7399,576.0,239000,1,0,0,0,0
7321,625.0,204000,1,0,0,0,0
8010,552.0,301000,1,0,0,0,0
8413,1105.0,312500,1,0,0,0,0
9466,478.0,279700,0,0,0,0,1
12000,546.0,255000,1,0,0,0,0
16157,588.0,194000,1,0,0,0,0
10768,528.0,218000,1,0,0,0,0
3840,571.0,213750,0,0,0,0,1
9600,512.0,187000,1,0,0,0,0
9600,460.0,181500,1,0,0,0,0
17778,676.0,373000,1,0,0,0,0
18890,600.0,190000,0,0,1,0,0
7050,650.0,226000,1,0,0,0,0
11700,412.0,143450,1,0,0,0,0
8000,570.0,240050,1,0,0,0,0
8723,480.0,162500,1,0,0,0,0
11700,528.0,164000,1,0,0,0,0
11358,515.0,185000,1,0,0,0,0
9547,472.0,188500,1,0,0,0,0
10530,473.0,255000,1,0,0,0,0
11500,528.0,136905,0,0,1,0,0
10738,484.0,158500,1,0,0,0,0
9600,528.0,175500,1,0,0,0,0
10800,311.0,127000,1,0,0,0,0
8050,308.0,127000,1,0,0,0,0
10355,318.0,143000,1,0,0,0,0
10289,515.0,156000,1,0,0,0,0
9503,484.0,144000,1,0,0,0,0
10624,352.0,119000,0,0,1,0,0
10899,530.0,103000,0,0,1,0,0
12342,286.0,139900,1,0,0,0,0
12772,301.0,151500,1,0,0,0,0
8892,461.0,126500,1,0,0,0,0
10482,264.0,145000,1,0,0,0,0
7535,297.0,120000,1,0,0,0,0
7450,396.0,124000,1,0,0,0,0
8339,294.0,106500,1,0,0,0,0
14357,440.0,140500,1,0,0,0,0
8243,784.0,137500,1,0,0,0,0
8680,312.0,117600,1,0,0,0,0
8800,440.0,163500,1,0,0,0,0
9200,440.0,161000,1,0,0,0,0
9350,309.0,158000,1,0,0,0,0
8800,539.0,224500,1,0,0,0,0
11382,286.0,147000,1,0,0,0,0
22002,510.0,200000,1,0,0,0,0
14585,572.0,181900,1,0,0,0,0
7388,624.0,150750,1,0,0,0,0
9842,462.0,101800,0,0,1,0,0
8280,306.0,124000,1,0,0,0,0
12172,512.0,138500,1,0,0,0,0
5000,0.0,39300,1,0,0,0,0
5000,0.0,64500,1,0,0,0,0
3500,0.0,64000,1,0,0,0,0
5175,308.0,112000,1,0,0,0,0
9500,540.0,165000,1,0,0,0,0
9600,288.0,144000,1,0,0,0,0
11345,400.0,137000,0,0,1,0,0
9492,240.0,105000,1,0,0,0,0
9480,312.0,146500,1,0,0,0,0
8668,792.0,126000,0,0,1,0,0
10050,432.0,175000,1,0,0,0,0
9600,525.0,158500,1,0,0,0,0
10150,275.0,114500,1,0,0,0,0
11344,315.0,144000,1,0,0,0,0
18450,596.0,129000,1,0,0,0,0
8760,315.0,141000,1,0,0,0,0
6860,308.0,131000,1,0,0,0,0
8250,692.0,142100,1,0,0,0,0
8176,308.0,139000,1,0,0,0,0
9750,301.0,157900,1,0,0,0,0
9250,260.0,139400,1,0,0,0,0
11988,336.0,150000,1,0,0,0,0
9100,336.0,120000,1,0,0,0,0
9736,464.0,174850,1,0,0,0,0
9770,308.0,116000,1,0,0,0,0
10152,286.0,135000,1,0,0,0,0
12155,484.0,163500,1,0,0,0,0
12198,310.0,130000,1,0,0,0,0
10050,336.0,129500,1,0,0,0,0
11556,336.0,142000,1,0,0,0,0
8078,484.0,128600,0,0,1,0,0
10950,410.0,125000,1,0,0,0,0
7942,293.0,136000,1,0,0,0,0
8923,240.0,134500,1,0,0,0,0
8540,252.0,127000,1,0,0,0,0
7134,572.0,130000,1,0,0,0,0
7150,352.0,115000,1,0,0,0,0
8400,390.0,116900,1,0,0,0,0
13300,252.0,132000,1,0,0,0,0
9532,280.0,153000,1,0,0,0,0
15783,420.0,112500,1,0,0,0,0
14190,0.0,138000,1,0,0,0,0
9600,576.0,135000,1,0,0,0,0
12099,371.0,156000,1,0,0,0,0
21281,1200.0,301600,1,0,0,0,0
10134,240.0,109000,1,0,0,0,0
5500,0.0,103200,1,0,0,0,0
10284,580.0,128500,1,0,0,0,0
10800,216.0,64500,1,0,0,0,0
10800,0.0,148000,1,0,0,0,0
5400,216.0,86000,1,0,0,0,0
10090,276.0,172000,1,0,0,0,0
8700,240.0,120000,1,0,0,0,0
8300,288.0,128500,1,0,0,0,0
11606,504.0,135000,1,0,0,0,0
8064,576.0,122900,1,0,0,0,0
11664,240.0,119200,1,0,0,0,0
10496,315.0,143000,1,0,0,0,0
7200,276.0,119000,1,0,0,0,0
7200,357.0,102000,1,0,0,0,0
7200,720.0,129000,1,0,0,0,0
7000,254.0,135000,1,0,0,0,0
7500,286.0,152000,1,0,0,0,0
7315,338.0,140000,1,0,0,0,0
7903,324.0,152000,1,0,0,0,0
8000,351.0,156500,1,0,0,0,0
8000,0.0,141000,0,0,1,0,0
7000,300.0,99000,1,0,0,0,0
9760,440.0,187000,1,0,0,0,0
7590,264.0,169500,1,0,0,0,0
6600,294.0,125500,1,0,0,0,0
6760,288.0,130000,1,0,0,0,0
6978,576.0,103000,1,0,0,0,0
9600,360.0,132000,1,0,0,0,0
6000,576.0,127500,1,0,0,0,0
4480,184.0,89500,1,0,0,0,0
7200,672.0,140000,0,0,1,0,0
3153,180.0,99900,1,0,0,0,0
10800,273.0,100000,1,0,0,0,0
7200,379.0,130000,1,0,0,0,0
9000,576.0,135000,1,0,0,0,0
6000,308.0,120000,1,0,0,0,0
5925,672.0,89471,1,0,0,0,0
5925,252.0,85000,1,0,0,0,0
6000,308.0,108500,1,0,0,0,0
9639,342.0,137000,1,0,0,0,0
3880,0.0,110500,1,0,0,0,0
8520,480.0,100000,1,0,0,0,0
10337,816.0,184900,1,0,0,0,0
9863,374.0,145000,1,0,0,0,0
9600,250.0,125000,1,0,0,0,0
4571,480.0,114000,1,0,0,0,0
13600,560.0,90000,0,1,0,0,0
8398,468.0,144100,1,0,0,0,0
9900,205.0,117500,1,0,0,0,0
3600,336.0,124500,1,0,0,0,0
13500,576.0,185000,1,0,0,0,0
7200,506.0,133900,0,1,0,0,0
5400,216.0,152000,1,0,0,0,0
8100,812.0,153500,1,0,0,0,0
10800,704.0,159500,1,0,0,0,0
9439,160.0,87000,1,0,0,0,0
8626,331.0,104500,1,0,0,0,0
11800,384.0,110000,1,0,0,0,0
6854,308.0,136500,1,0,0,0,0
8674,308.0,128250,1,0,0,0,0
8731,495.0,144000,1,0,0,0,0
8737,440.0,210000,1,0,0,0,0
6125,224.0,135000,1,0,0,0,0
6000,217.0,128000,1,0,0,0,0
6000,440.0,131000,1,0,0,0,0
6120,240.0,113000,1,0,0,0,0
6240,528.0,126000,1,0,0,0,0
6240,280.0,132000,1,0,0,0,0
6240,230.0,131750,1,0,0,0,0
6120,379.0,132500,1,0,0,0,0
6120,180.0,137500,1,0,0,0,0
6120,576.0,132000,1,0,0,0,0
6240,560.0,127500,1,0,0,0,0
6180,180.0,102000,1,0,0,0,0
7755,408.0,200000,1,0,0,0,0
13515,520.0,180500,1,0,0,0,0
8850,576.0,165000,1,0,0,0,0
8550,576.0,90000,1,0,0,0,0
8730,384.0,153575,1,0,0,0,0
5700,456.0,140000,1,0,0,0,0
8520,216.0,136000,1,0,0,0,0
5680,240.0,113000,1,0,0,0,0
5680,216.0,117000,1,0,0,0,0
7758,240.0,169500,1,0,0,0,0
7449,280.0,139400,1,0,0,0,0
13200,658.0,202500,1,0,0,0,0
6882,0.0,127000,1,0,0,0,0
9000,544.0,141000,1,0,0,0,0
9780,299.0,212300,1,0,0,0,0
10320,720.0,161000,1,0,0,0,0
4330,436.0,99500,0,1,0,0,0
7200,288.0,101000,1,0,0,0,0
4800,440.0,109900,1,0,0,0,0
12358,660.0,128500,1,0,0,0,0
10120,308.0,122000,0,1,0,0,0
4388,0.0,87000,1,0,0,0,0
10320,264.0,50000,1,0,0,0,0
12888,498.0,219000,1,0,0,0,0
18030,0.0,200500,1,0,0,0,0
8160,240.0,126000,1,0,0,0,0
4484,240.0,108500,0,1,0,0,0
11235,308.0,130000,0,1,0,0,0
11235,572.0,158450,1,0,0,0,0
14299,440.0,115400,1,0,0,0,0
7943,261.0,118500,1,0,0,0,0
14149,528.0,165000,1,0,0,0,0
11677,264.0,123000,1,0,0,0,0
8400,240.0,129000,1,0,0,0,0
7094,384.0,125000,1,0,0,0,0
8978,300.0,108000,1,0,0,0,0
8425,576.0,119900,0,1,0,0,0
8665,264.0,115000,1,0,0,0,0
8398,528.0,134500,1,0,0,0,0
7742,386.0,127000,1,0,0,0,0
8724,450.0,129000,1,0,0,0,0
8197,528.0,143500,1,0,0,0,0
8169,315.0,129000,1,0,0,0,0
14175,323.0,187000,1,0,0,0,0
16779,638.0,158000,1,0,0,0,0
25339,576.0,112000,1,0,0,0,0
6960,224.0,165250,1,0,0,0,0
11375,494.0,150000,1,0,0,0,0
13770,303.0,137000,1,0,0,0,0
9000,460.0,89500,1,0,0,0,0
115149,739.0,302000,1,0,0,0,0
11075,552.0,182000,1,0,0,0,0
10029,521.0,211000,1,0,0,0,0
17541,576.0,216000,1,0,0,0,0
22692,649.0,130000,1,0,0,0,0
17808,336.0,109900,1,0,0,0,0
12671,527.0,255000,1,0,0,0,0
12615,576.0,243000,1,0,0,0,0
10512,332.0,154000,1,0,0,0,0
5400,399.0,118000,1,0,0,0,0
11515,308.0,80000,1,0,0,0,0
7711,0.0,150000,0,0,1,0,0
9098,0.0,86000,1,0,0,0,0
3869,264.0,130000,0,0,0,0,1
9280,256.0,125000,1,0,0,0,0
11100,253.0,136500,1,0,0,0,0
7550,280.0,96000,1,0,0,0,0
9060,252.0,120000,1,0,0,0,0
23920,515.0,228500,1,0,0,0,0
10357,719.0,179900,1,0,0,0,0
13474,746.0,225000,1,0,0,0,0
10380,576.0,301000,1,0,0,0,0
13125,833.0,238000,1,0,0,0,0
11287,575.0,228500,1,0,0,0,0
9317,499.0,220000,1,0,0,0,0
9965,792.0,383970,1,0,0,0,0
9965,1052.0,424870,1,0,0,0,0
9178,870.0,250000,1,0,0,0,0
10481,894.0,360000,1,0,0,0,0
10652,840.0,279500,1,0,0,0,0
11175,440.0,200141,1,0,0,0,0
10235,870.0,246500,1,0,0,0,0
9588,868.0,276000,1,0,0,0,0
8814,508.0,203000,1,0,0,0,0
11103,440.0,155835,1,0,0,0,0
8556,826.0,194000,1,0,0,0,0
6762,628.0,195400,1,0,0,0,0
11750,796.0,217000,1,0,0,0,0
8760,674.0,212999,1,0,0,0,0
7242,524.0,175900,1,0,0,0,0
9316,578.0,191000,1,0,0,0,0
9317,440.0,176432,1,0,0,0,0
14364,454.0,277000,1,0,0,0,0
8883,619.0,207000,1,0,0,0,0
159000,389.0,277000,1,0,0,0,0
53107,501.0,240000,1,0,0,0,0
12205,444.0,187500,1,0,0,0,0
20064,529.0,279000,1,0,0,0,0
14217,747.0,139500,1,0,0,0,0
8775,299.0,126000,1,0,0,0,0
11249,521.0,177500,1,0,0,0,0
10021,497.0,175000,1,0,0,0,0
9531,546.0,211000,1,0,0,0,0
8428,384.0,146000,1,0,0,0,0
16561,242.0,147900,1,0,0,0,0
8070,0.0,123600,1,0,0,0,0
9337,684.0,204750,1,0,0,0,0
10820,597.0,235500,1,0,0,0,0
12352,534.0,217000,1,0,0,0,0
9543,517.0,190550,1,0,0,0,0
8826,486.0,217500,1,0,0,0,0
10665,558.0,226000,1,0,0,0,0
11317,500.0,180000,1,0,0,0,0
11800,440.0,131000,1,0,0,0,0
8660,370.0,153500,1,0,0,0,0
9720,576.0,160000,1,0,0,0,0
8982,748.0,134900,1,0,0,0,0
16300,308.0,130000,1,0,0,0,0
9675,440.0,120000,1,0,0,0,0
7700,461.0,112500,1,0,0,0,0
10356,440.0,122000,1,0,0,0,0
7200,576.0,127000,1,0,0,0,0
7200,728.0,117000,1,0,0,0,0
10386,888.0,305900,1,0,0,0,0
9375,647.0,228500,1,0,0,0,0
11354,583.0,270000,1,0,0,0,0
8749,527.0,192000,1,0,0,0,0
8749,610.0,213000,1,0,0,0,0
8158,542.0,200000,1,0,0,0,0
16226,683.0,267000,1,0,0,0,0
11927,484.0,228000,1,0,0,0,0
12728,560.0,275000,1,0,0,0,0
15295,608.0,211000,1,0,0,0,0
11248,702.0,285000,1,0,0,0,0
10000,556.0,240000,1,0,0,0,0
4435,420.0,131500,0,0,0,0,1
17227,482.0,246900,1,0,0,0,0
8200,434.0,219500,1,0,0,0,0
8450,531.0,185000,1,0,0,0,0
8145,552.0,179400,1,0,0,0,0
9245,639.0,213500,1,0,0,0,0
8500,626.0,179600,1,0,0,0,0
8769,578.0,173500,1,0,0,0,0
8334,437.0,167840,1,0,0,0,0
8333,484.0,168675,1,0,0,0,0
9045,400.0,167000,1,0,0,0,0
9170,461.0,140000,1,0,0,0,0
9825,384.0,118500,1,0,0,0,0
8308,520.0,110000,1,0,0,0,0
10921,432.0,94750,1,0,0,0,0
16287,576.0,122000,1,0,0,0,0
8240,622.0,110000,1,0,0,0,0
11841,0.0,118500,0,0,1,0,0
6285,528.0,133500,1,0,0,0,0
7917,504.0,148000,1,0,0,0,0
9555,579.0,141000,0,0,1,0,0
8536,430.0,155000,1,0,0,0,0
7024,450.0,157000,1,0,0,0,0
7023,489.0,171500,1,0,0,0,0
39290,1154.0,183850,1,0,0,0,0
40094,884.0,184750,1,0,0,0,0
3675,525.0,140000,0,0,0,0,1
6400,392.0,131750,1,0,0,0,0
6882,0.0,61500,0,0,1,0,0
10215,248.0,111000,1,0,0,0,0
8741,0.0,98500,0,0,1,0,0
4270,0.0,79000,1,0,0,0,0
10042,216.0,108500,1,0,0,0,0
9450,400.0,110000,1,0,0,0,0
11767,384.0,112000,1,0,0,0,0
8172,355.0,125000,1,0,0,0,0
8172,528.0,79275,1,0,0,0,0
8190,280.0,119000,1,0,0,0,0
10896,0.0,200000,0,1,0,0,0
10890,0.0,150000,0,0,1,0,0
10592,180.0,165000,1,0,0,0,0
10594,200.0,96500,1,0,0,0,0
7223,352.0,136500,1,0,0,0,0
6821,240.0,146500,1,0,0,0,0
7200,240.0,175000,1,0,0,0,0
4000,216.0,148500,1,0,0,0,0
6720,228.0,141500,1,0,0,0,0
7642,216.0,189950,1,0,0,0,0
7155,225.0,135000,1,0,0,0,0
7128,240.0,164000,1,0,0,0,0
4280,352.0,90350,1,0,0,0,0
5362,552.0,139000,1,0,0,0,0
6305,240.0,119750,1,0,0,0,0
7136,492.0,145000,0,0,1,0,0
6270,871.0,145000,0,0,1,0,0
7230,264.0,238000,1,0,0,0,0
13108,400.0,153500,1,0,0,0,0
22420,864.0,239000,1,0,0,0,0
12168,380.0,359100,1,0,0,0,0
7810,231.0,188000,1,0,0,0,0
11275,432.0,220000,1,0,0,0,0
6221,528.0,140000,0,1,0,0,0
10570,440.0,315000,1,0,0,0,0
7259,180.0,259500,1,0,0,0,0
14442,416.0,257500,1,0,0,0,0
13125,240.0,219500,1,0,0,0,0
21000,450.0,217000,1,0,0,0,0
25485,580.0,201000,1,0,0,0,0
21579,552.0,215000,1,0,0,0,0
1782,462.0,123900,0,0,0,1,0
17871,628.0,170000,1,0,0,0,0
3907,509.0,200000,0,0,0,0,1
20693,625.0,198000,1,0,0,0,0
32668,484.0,200624,1,0,0,0,0
18044,691.0,315000,1,0,0,0,0
8500,0.0,115000,1,0,0,0,0
7000,720.0,141000,1,0,0,0,0
5000,360.0,87000,1,0,0,0,0
7288,0.0,129850,1,0,0,0,0
6060,264.0,100000,1,0,0,0,0
9060,0.0,150909,1,0,0,0,0
3672,100.0,75200,1,0,0,0,0
8263,308.0,118400,1,0,0,0,0
8967,338.0,67000,1,0,0,0,0
13710,282.0,152000,1,0,0,0,0
11067,256.0,68104,1,0,0,0,0
8250,0.0,119600,0,1,0,0,0
6565,720.0,140000,1,0,0,0,0
6060,216.0,124900,1,0,0,0,0
5568,495.0,375000,0,0,0,0,1
4750,538.0,235000,0,0,0,0,1
12150,486.0,183500,1,0,0,0,0
7540,470.0,156000,1,0,0,0,0
9187,484.0,134000,1,0,0,0,0
10000,650.0,215000,1,0,0,0,0
12864,576.0,245000,1,0,0,0,0
9928,506.0,210000,1,0,0,0,0
8750,360.0,148000,1,0,0,0,0
8410,528.0,143000,1,0,0,0,0
4054,512.0,244000,0,0,0,0,1
9763,286.0,330000,0,0,0,0,1
16905,308.0,170000,1,0,0,0,0
19958,461.0,257000,1,0,0,0,0
8368,433.0,231713,1,0,0,0,0
8298,502.0,267300,1,0,0,0,0
9037,472.0,265900,1,0,0,0,0
10991,722.0,239000,1,0,0,0,0
10656,870.0,248900,1,0,0,0,0
10331,528.0,174000,1,0,0,0,0
13758,400.0,187500,1,0,0,0,0
9303,422.0,204000,1,0,0,0,0
6718,471.0,180500,1,0,0,0,0
9590,438.0,187500,1,0,0,0,0
11305,692.0,282000,1,0,0,0,0
7777,571.0,178000,1,0,0,0,0
14536,808.0,270000,1,0,0,0,0
11800,452.0,279900,1,0,0,0,0
35133,995.0,186700,1,0,0,0,0
15306,712.0,283463,1,0,0,0,0
12633,932.0,392000,1,0,0,0,0
12665,642.0,281213,1,0,0,0,0
8402,0.0,147000,1,0,0,0,0
43500,1041.0,130000,1,0,0,0,0
6710,460.0,140000,0,0,0,0,1
25286,648.0,132250,1,0,0,0,0
25000,576.0,143000,0,0,1,0,0
32463,1356.0,168000,0,1,0,0,0
4224,572.0,129900,0,0,0,0,1
4224,528.0,134000,0,0,0,0,1
1504,253.0,85500,0,0,0,1,0
1533,297.0,106500,0,0,0,1,0
1495,0.0,93900,0,0,0,0,1
2001,286.0,75000,0,0,0,1,0
1936,0.0,84500,0,0,0,1,0
1890,286.0,75190,0,0,0,1,0
11333,539.0,146800,1,0,0,0,0
9129,678.0,153500,1,0,0,0,0
15957,528.0,188000,1,0,0,0,0
33983,672.0,196000,1,0,0,0,0
8286,531.0,157000,1,0,0,0,0
6723,0.0,138000,1,0,0,0,0
7244,624.0,129500,1,0,0,0,0
27697,444.0,80000,1,0,0,0,0
7599,360.0,129500,1,0,0,0,0
11000,502.0,135000,1,0,0,0,0
8314,264.0,124500,1,0,0,0,0
11625,264.0,139000,1,0,0,0,0
10712,0.0,93500,1,0,0,0,0
10447,288.0,124500,1,0,0,0,0
11027,452.0,149900,1,0,0,0,0
10533,313.0,157500,1,0,0,0,0
11765,963.0,169000,1,0,0,0,0
39384,550.0,252000,1,0,0,0,0
11727,506.0,192100,1,0,0,0,0
8238,400.0,183500,1,0,0,0,0
13006,642.0,222000,1,0,0,0,0
13041,423.0,170000,1,0,0,0,0
13031,409.0,187500,1,0,0,0,0
9783,443.0,202000,1,0,0,0,0
11207,413.0,185000,1,0,0,0,0
19378,576.0,320000,1,0,0,0,0
14859,690.0,240000,1,0,0,0,0
13128,527.0,250000,1,0,0,0,0
10463,800.0,239900,1,0,0,0,0
13751,773.0,309000,1,0,0,0,0
23257,422.0,274725,1,0,0,0,0
13108,618.0,270000,1,0,0,0,0
8076,402.0,183500,1,0,0,0,0
7685,420.0,165600,1,0,0,0,0
9084,462.0,176500,1,0,0,0,0
3701,461.0,130000,0,0,0,0,1
5306,504.0,239000,0,0,0,0,1
6563,564.0,275000,1,0,0,0,0
16023,670.0,457347,1,0,0,0,0
18062,758.0,545224,1,0,0,0,0
12292,675.0,356383,1,0,0,0,0
16056,716.0,556581,1,0,0,0,0
12438,666.0,361919,1,0,0,0,0
16052,736.0,535000,1,0,0,0,0
15922,660.0,401179,1,0,0,0,0
13682,641.0,438780,1,0,0,0,0
14762,672.0,169000,1,0,0,0,0
34650,572.0,145000,0,1,0,0,0
8147,517.0,318000,0,0,0,0,1
11302,758.0,319000,1,0,0,0,0
18261,722.0,470000,1,0,0,0,0
14145,440.0,202500,1,0,0,0,0
13837,786.0,229000,1,0,0,0,0
16659,539.0,235000,1,0,0,0,0
18800,566.0,190000,1,0,0,0,0
10464,582.0,169000,1,0,0,0,0
10400,604.0,241500,1,0,0,0,0
10530,482.0,188900,1,0,0,0,0
10240,612.0,207500,1,0,0,0,0
16692,564.0,250000,1,0,0,0,0
11475,434.0,179900,1,0,0,0,0
9927,596.0,172000,1,0,0,0,0
9512,541.0,294323,1,0,0,0,0
10530,485.0,184500,1,0,0,0,0
10140,495.0,153500,1,0,0,0,0
10140,528.0,162900,1,0,0,0,0
10140,484.0,181000,1,0,0,0,0
10000,462.0,155000,1,0,0,0,0
15870,299.0,138800,1,0,0,0,0
9353,280.0,116050,1,0,0,0,0
8125,0.0,88000,1,0,0,0,0
7200,576.0,97500,1,0,0,0,0
8773,543.0,190000,0,0,0,0,1
2760,440.0,105500,0,0,0,0,1
2160,440.0,125500,0,0,0,0,1
1953,264.0,83000,0,0,0,1,0
1890,264.0,116000,0,0,0,1,0
1680,0.0,91500,0,0,0,1,0
1680,264.0,118000,0,0,0,1,0
1680,264.0,89000,0,0,0,1,0
1680,264.0,108000,0,0,0,1,0
1680,288.0,94500,0,0,0,1,0
4043,440.0,146300,0,0,0,0,1
7514,300.0,145000,1,0,0,0,0
7838,288.0,123000,1,0,0,0,0
2280,319.0,137500,0,0,0,1,0
2179,460.0,144000,0,0,0,1,0
16737,770.0,315000,1,0,0,0,0
16387,831.0,412083,1,0,0,0,0
16259,840.0,342643,1,0,0,0,0
16163,880.0,252000,1,0,0,0,0
13891,850.0,465000,1,0,0,0,0
12228,874.0,293000,1,0,0,0,0
14780,1085.0,415000,1,0,0,0,0
16033,772.0,326000,1,0,0,0,0
14215,853.0,325300,1,0,0,0,0
13418,691.0,309000,1,0,0,0,0
13975,670.0,300000,1,0,0,0,0
10240,878.0,275500,1,0,0,0,0
9942,521.0,338500,1,0,0,0,0
11924,736.0,345000,1,0,0,0,0
12867,575.0,344133,1,0,0,0,0
10672,672.0,298236,1,0,0,0,0
11643,784.0,329900,1,0,0,0,0
12378,708.0,360000,1,0,0,0,0
11065,753.0,281000,1,0,0,0,0
13758,925.0,372397,1,0,0,0,0
14828,816.0,378000,1,0,0,0,0
11846,874.0,374000,1,0,0,0,0
20431,706.0,437154,1,0,0,0,0
10927,736.0,275000,1,0,0,0,0
13215,746.0,279000,1,0,0,0,0
7052,484.0,185850,0,0,0,0,1
5911,556.0,282500,0,0,0,0,1
6955,474.0,202500,0,0,0,0,1
6792,474.0,202665,0,0,0,0,1
7740,899.0,332200,0,0,0,0,1
6373,575.0,310090,0,0,0,0,1
3136,478.0,171750,0,0,0,0,1
10237,397.0,169990,1,0,0,0,0
10237,390.0,170440,1,0,0,0,0
10237,440.0,169985,1,0,0,0,0
17104,426.0,179665,1,0,0,0,0
14054,660.0,219210,1,0,0,0,0
11660,427.0,174190,1,0,0,0,0
15578,429.0,172785,1,0,0,0,0
11631,632.0,258000,1,0,0,0,0
9073,440.0,185101,1,0,0,0,0
3087,437.0,210250,0,0,0,0,1
3196,420.0,234000,0,0,0,0,1
3196,400.0,215000,0,0,0,0,1
2938,398.0,246990,0,0,0,0,1
3072,398.0,178740,0,0,0,0,1
3072,388.0,225000,0,0,0,0,1
3010,438.0,167240,0,0,0,0,1
3010,440.0,156820,0,0,0,0,1
3013,440.0,213490,0,0,0,0,1
3982,648.0,264561,0,0,0,0,1
4045,648.0,246578,0,0,0,0,1
21930,372.0,192140,1,0,0,0,0
7861,393.0,183200,1,0,0,0,0
9056,403.0,178000,1,0,0,0,0
9171,433.0,201490,1,0,0,0,0
11194,504.0,230500,1,0,0,0,0
7875,393.0,180000,1,0,0,0,0
8121,460.0,172400,1,0,0,0,0
8658,431.0,215000,1,0,0,0,0
11214,431.0,199900,1,0,0,0,0
10852,472.0,173000,1,0,0,0,0
12104,617.0,287602,1,0,0,0,0
8738,429.0,230000,1,0,0,0,0
9452,870.0,348000,1,0,0,0,0
9660,885.0,286000,1,0,0,0,0
9545,768.0,300000,1,0,0,0,0
35760,807.0,625000,1,0,0,0,0
9233,774.0,405000,1,0,0,0,0
12011,592.0,280000,1,0,0,0,0
12090,420.0,258000,1,0,0,0,0
10019,725.0,350000,1,0,0,0,0
17242,959.0,584500,1,0,0,0,0
10236,803.0,321000,1,0,0,0,0
10120,844.0,290000,1,0,0,0,0
12585,704.0,315000,1,0,0,0,0
12447,760.0,252000,1,0,0,0,0
15218,928.0,336820,1,0,0,0,0
20896,1134.0,423000,1,0,0,0,0
10182,500.0,290000,1,0,0,0,0
8688,834.0,232000,1,0,0,0,0
10936,510.0,199000,1,0,0,0,0
8640,584.0,198600,1,0,0,0,0
13162,792.0,405749,1,0,0,0,0
11216,776.0,232600,1,0,0,0,0
10728,1053.0,266000,1,0,0,0,0
8125,615.0,186500,1,0,0,0,0
8125,615.0,200825,1,0,0,0,0
8125,614.0,197000,1,0,0,0,0
7200,572.0,185000,1,0,0,0,0
7500,453.0,176000,1,0,0,0,0
7200,572.0,187750,1,0,0,0,0
7733,0.0,139500,1,0,0,0,0
11024,612.0,186800,1,0,0,0,0
13072,0.0,132000,1,0,0,0,0
13072,484.0,142500,1,0,0,0,0
13072,576.0,158000,1,0,0,0,0
7800,462.0,184000,1,0,0,0,0
7632,449.0,184900,1,0,0,0,0
8304,688.0,187000,1,0,0,0,0
7153,484.0,175900,1,0,0,0,0
9370,462.0,248500,1,0,0,0,0
7175,542.0,172000,0,0,0,0,1
7175,484.0,151000,0,0,0,0,1
9019,472.0,150000,1,0,0,0,0
8900,384.0,107000,1,0,0,0,0
7800,300.0,119900,1,0,0,0,0
9100,624.0,129500,1,0,0,0,0
9100,504.0,125000,0,0,1,0,0
8927,528.0,119500,0,0,1,0,0
9240,576.0,144000,1,0,0,0,0
8471,492.0,151000,1,0,0,0,0
9308,310.0,126000,1,0,0,0,0
8450,294.0,116000,1,0,0,0,0
8638,484.0,133500,1,0,0,0,0
13052,308.0,120875,1,0,0,0,0
13526,288.0,137000,1,0,0,0,0
8020,0.0,124000,1,0,0,0,0
6993,288.0,135000,1,0,0,0,0
8789,288.0,129200,1,0,0,0,0
14330,550.0,260000,1,0,0,0,0
16059,462.0,260000,1,0,0,0,0
11025,888.0,334000,1,0,0,0,0
14541,796.0,310000,1,0,0,0,0
13346,590.0,268000,1,0,0,0,0
12461,757.0,262000,1,0,0,0,0
3628,588.0,176400,0,0,0,0,1
3316,550.0,197000,0,0,0,0,1
3180,480.0,151000,0,0,0,0,1
2544,480.0,147400,0,0,0,1,0
2544,480.0,149900,0,0,0,1,0
3180,480.0,144152,0,0,0,0,1
2998,440.0,166000,0,0,0,0,1
3735,506.0,183900,0,0,0,0,1
2651,490.0,165000,0,0,0,1,0
4447,496.0,139000,0,0,0,0,1
8314,434.0,200000,1,0,0,0,0
7180,564.0,221000,1,0,0,0,0
9549,481.0,270000,0,0,0,0,1
11250,546.0,165000,1,0,0,0,0
3760,484.0,214000,0,0,0,1,0
3640,484.0,188000,0,0,0,1,0
3874,484.0,190000,0,0,0,0,1
3876,484.0,170000,0,0,0,1,0
50271,894.0,385000,1,0,0,0,0
13110,501.0,146500,0,1,0,0,0
10192,487.0,170000,1,0,0,0,0
20781,508.0,262500,1,0,0,0,0
11700,776.0,179900,1,0,0,0,0
11029,619.0,250000,1,0,0,0,0
10400,484.0,165150,1,0,0,0,0
10140,477.0,164500,1,0,0,0,0
9600,528.0,140000,1,0,0,0,0
9750,384.0,135500,1,0,0,0,0
9600,504.0,142000,1,0,0,0,0
8640,530.0,155000,1,0,0,0,0
9360,504.0,157500,1,0,0,0,0
8400,288.0,138500,1,0,0,0,0
8400,326.0,140000,1,0,0,0,0
9759,264.0,124400,1,0,0,0,0
9600,568.0,158000,1,0,0,0,0
9230,884.0,146000,1,0,0,0,0
14803,495.0,190000,1,0,0,0,0
10659,368.0,136500,1,0,0,0,0
9100,624.0,129900,1,0,0,0,0
8393,588.0,145000,0,0,1,0,0
8800,299.0,185900,0,1,0,0,0
8800,461.0,160000,1,0,0,0,0
10368,430.0,167000,1,0,0,0,0
9350,480.0,157500,1,0,0,0,0
10382,264.0,140000,0,1,0,0,0
8973,750.0,150000,1,0,0,0,0
10800,286.0,151500,1,0,0,0,0
8550,240.0,129800,1,0,0,0,0
11425,275.0,137000,1,0,0,0,0
9724,273.0,137000,1,0,0,0,0
4712,305.0,121600,1,0,0,0,0
5900,0.0,85500,1,0,0,0,0
5825,528.0,79900,1,0,0,0,0
7438,576.0,127000,1,0,0,0,0
9600,441.0,161000,1,0,0,0,0
10858,240.0,146500,1,0,0,0,0
9600,280.0,135000,1,0,0,0,0
10680,528.0,137900,1,0,0,0,0
9490,240.0,133000,1,0,0,0,0
9462,234.0,137000,1,0,0,0,0
9888,240.0,121000,1,0,0,0,0
8917,506.0,119000,0,0,1,0,0
12700,441.0,172000,1,0,0,0,0
8500,480.0,98600,1,0,0,0,0
14200,487.0,226000,1,0,0,0,0
9000,286.0,118000,1,0,0,0,0
25419,795.0,235000,1,0,0,0,0
9723,430.0,135000,1,0,0,0,0
7728,540.0,132500,0,0,1,0,0
8163,796.0,143000,1,0,0,0,0
8400,331.0,132000,1,0,0,0,0
11600,292.0,145250,1,0,0,0,0
9610,488.0,162000,1,0,0,0,0
10000,300.0,148000,1,0,0,0,0
14850,299.0,141000,1,0,0,0,0
10152,353.0,153000,1,0,0,0,0
10011,447.0,134450,1,0,0,0,0
7032,600.0,135960,0,0,1,0,0
8092,286.0,156000,1,0,0,0,0
11310,451.0,140000,1,0,0,0,0
12778,280.0,139500,1,0,0,0,0
10170,400.0,155000,1,0,0,0,0
7700,684.0,127000,1,0,0,0,0
11050,319.0,133500,1,0,0,0,0
13600,300.0,125000,1,0,0,0,0
15428,270.0,142000,1,0,0,0,0
21299,791.0,167000,1,0,0,0,0
13300,896.0,159000,1,0,0,0,0
22136,1008.0,180000,0,1,0,0,0
7500,649.0,127000,1,0,0,0,0
7000,398.0,112000,1,0,0,0,0
10410,371.0,99800,1,0,0,0,0
5400,326.0,117000,1,0,0,0,0
5400,326.0,108480,1,0,0,0,0
10914,660.0,68000,1,0,0,0,0
7008,280.0,86900,1,0,0,0,0
10800,720.0,120000,1,0,0,0,0
7200,528.0,155500,1,0,0,0,0
10818,648.0,80000,1,0,0,0,0
10410,936.0,105000,1,0,0,0,0
10800,520.0,160000,0,1,0,0,0
10800,566.0,170000,1,0,0,0,0
8658,440.0,160000,1,0,0,0,0
13400,484.0,159950,1,0,0,0,0
10184,294.0,165000,1,0,0,0,0
9786,440.0,159000,1,0,0,0,0
9510,264.0,147000,1,0,0,0,0
7800,288.0,115000,1,0,0,0,0
8910,539.0,159500,1,0,0,0,0
7332,288.0,120000,1,0,0,0,0
7100,308.0,129900,1,0,0,0,0
10800,418.0,183000,1,0,0,0,0
11650,484.0,157500,1,0,0,0,0
18275,441.0,277500,1,0,0,0,0
16321,319.0,207500,1,0,0,0,0
12144,597.0,147500,1,0,0,0,0
10800,0.0,135000,1,0,0,0,0
7200,625.0,109500,1,0,0,0,0
7200,420.0,109900,1,0,0,0,0
7560,286.0,133700,1,0,0,0,0
8544,400.0,81400,0,0,1,0,0
8544,400.0,87500,0,0,1,0,0
8544,400.0,93500,0,0,1,0,0
8512,0.0,119000,0,0,1,0,0
7945,300.0,141000,1,0,0,0,0
7000,288.0,146000,1,0,0,0,0
7590,453.0,155000,1,0,0,0,0
10205,300.0,134500,1,0,0,0,0
7400,528.0,120000,1,0,0,0,0
7000,336.0,105000,1,0,0,0,0
7000,0.0,124000,0,1,0,0,0
9856,624.0,169000,1,0,0,0,0
9906,210.0,107000,1,0,0,0,0
9600,240.0,135000,1,0,0,0,0
5520,162.0,111500,1,0,0,0,0
9600,400.0,156500,1,0,0,0,0
9600,546.0,178000,1,0,0,0,0
6451,576.0,139900,1,0,0,0,0
3960,200.0,105000,1,0,0,0,0
5684,270.0,110000,1,0,0,0,0
7745,576.0,111500,0,1,0,0,0
7741,280.0,108000,1,0,0,0,0
5633,216.0,111500,1,0,0,0,0
9000,240.0,124000,1,0,0,0,0
7200,528.0,105000,1,0,0,0,0
4400,440.0,116000,1,0,0,0,0
7614,216.0,96900,1,0,0,0,0
6000,576.0,135500,0,1,0,0,0
6000,450.0,139000,1,0,0,0,0
7830,200.0,61500,1,0,0,0,0
9576,378.0,120000,1,0,0,0,0
5820,220.0,126175,1,0,0,0,0
5747,250.0,64000,1,0,0,0,0
9142,440.0,137000,0,1,0,0,0
9600,779.0,87000,1,0,0,0,0
10800,320.0,163000,1,0,0,0,0
6300,432.0,155000,1,0,0,0,0
5000,352.0,79000,1,0,0,0,0
8850,225.0,144000,1,0,0,0,0
3600,216.0,114504,1,0,0,0,0
7200,576.0,157000,1,0,0,0,0
11340,312.0,125000,1,0,0,0,0
22950,840.0,475000,1,0,0,0,0
5976,0.0,93500,0,0,1,0,0
9750,624.0,125000,1,0,0,0,0
4761,0.0,64500,1,0,0,0,0
7446,0.0,100000,1,0,0,0,0
6435,312.0,140200,1,0,0,0,0
11737,240.0,202500,1,0,0,0,0
5000,420.0,159000,1,0,0,0,0
7800,410.0,119900,0,1,0,0,0
6240,528.0,114500,1,0,0,0,0
6240,240.0,115000,1,0,0,0,0
6120,258.0,75000,1,0,0,0,0
6120,450.0,88000,1,0,0,0,0
6240,0.0,80500,1,0,0,0,0
6240,225.0,149000,1,0,0,0,0
6120,180.0,110000,1,0,0,0,0
6000,440.0,110500,1,0,0,0,0
6000,205.0,89000,1,0,0,0,0
6380,280.0,113000,1,0,0,0,0
11672,210.0,109000,1,0,0,0,0
33120,576.0,220000,1,0,0,0,0
9873,576.0,129000,0,1,0,0,0
5310,255.0,117000,1,0,0,0,0
4118,0.0,52500,1,0,0,0,0
10320,370.0,107000,1,0,0,0,0
7518,390.0,116500,1,0,0,0,0
9000,0.0,72000,1,0,0,0,0
8600,198.0,119500,1,0,0,0,0
7200,297.0,125500,1,0,0,0,0
9786,210.0,91000,1,0,0,0,0
6780,0.0,84500,0,1,0,0,0
7200,308.0,90000,1,0,0,0,0
12375,288.0,137500,1,0,0,0,0
11136,576.0,150000,0,0,1,0,0
21370,394.0,131000,1,0,0,0,0
6930,288.0,130000,1,0,0,0,0
8250,260.0,125000,1,0,0,0,0
5220,180.0,80000,1,0,0,0,0
5500,246.0,157000,1,0,0,0,0
11235,459.0,148000,1,0,0,0,0
10791,516.0,90000,0,0,1,0,0
8414,264.0,154500,1,0,0,0,0
11327,528.0,153600,1,0,0,0,0
11777,564.0,164500,1,0,0,0,0
10366,336.0,132000,1,0,0,0,0
9000,286.0,142500,1,0,0,0,0
11553,336.0,158000,1,0,0,0,0
7844,440.0,149500,1,0,0,0,0
9535,512.0,165000,1,0,0,0,0
10335,440.0,180000,1,0,0,0,0
7176,616.0,160500,1,0,0,0,0
9662,580.0,156500,0,0,1,0,0
8235,586.0,157000,0,0,1,0,0
13650,451.0,172500,1,0,0,0,0
13125,484.0,155000,1,0,0,0,0
17920,454.0,170000,1,0,0,0,0
17529,322.0,105000,1,0,0,0,0
10246,364.0,145000,1,0,0,0,0
14175,576.0,168000,1,0,0,0,0
20355,521.0,278000,1,0,0,0,0
13050,575.0,164000,1,0,0,0,0
15593,667.0,225000,1,0,0,0,0
10820,576.0,130000,1,0,0,0,0
13350,440.0,142500,1,0,0,0,0
1700,450.0,148400,0,0,0,1,0
5271,445.0,190000,1,0,0,0,0
9375,504.0,146000,1,0,0,0,0
6488,215.0,128000,1,0,0,0,0
7800,230.0,225000,1,0,0,0,0
19690,432.0,274970,1,0,0,0,0
19950,795.0,235000,1,0,0,0,0
19800,836.0,415000,1,0,0,0,0
11679,528.0,182000,1,0,0,0,0
12048,569.0,135000,1,0,0,0,0
10519,288.0,137000,1,0,0,0,0
9525,325.0,136900,1,0,0,0,0
9525,305.0,149900,1,0,0,0,0
6420,308.0,123500,1,0,0,0,0
8335,0.0,93000,1,0,0,0,0
7585,280.0,91500,1,0,0,0,0
11200,403.0,180000,1,0,0,0,0
12128,506.0,209000,1,0,0,0,0
9554,471.0,215000,1,0,0,0,0
9069,920.0,224500,0,0,1,0,0
11003,848.0,229800,1,0,0,0,0
7488,632.0,183600,1,0,0,0,0
7406,632.0,194000,1,0,0,0,0
6762,662.0,193879,1,0,0,0,0
11210,865.0,221500,1,0,0,0,0
8990,675.0,204900,1,0,0,0,0
8760,868.0,239799,1,0,0,0,0
13377,495.0,233555,1,0,0,0,0
11645,660.0,260000,1,0,0,0,0
11645,754.0,294900,1,0,0,0,0
10984,638.0,209700,1,0,0,0,0
9316,576.0,225000,1,0,0,0,0
9316,610.0,181000,1,0,0,0,0
10041,506.0,220000,1,0,0,0,0
36500,390.0,190000,1,0,0,0,0
21453,540.0,180000,1,0,0,0,0
70761,576.0,280000,1,0,0,0,0
12000,522.0,158900,1,0,0,0,0
8846,576.0,148000,1,0,0,0,0
13015,462.0,145000,1,0,0,0,0
12438,473.0,187000,1,0,0,0,0
8685,591.0,193000,1,0,0,0,0
13568,576.0,156000,1,0,0,0,0
9100,541.0,235000,1,0,0,0,0
9236,576.0,217000,1,0,0,0,0
10264,472.0,214000,1,0,0,0,0
9272,515.0,196000,1,0,0,0,0
13426,586.0,217000,1,0,0,0,0
13450,492.0,200000,1,0,0,0,0
14006,474.0,192500,1,0,0,0,0
13704,843.0,205000,1,0,0,0,0
10780,576.0,132500,1,0,0,0,0
8340,317.0,157500,1,0,0,0,0
10385,672.0,174000,1,0,0,0,0
9920,300.0,128500,1,0,0,0,0
9560,288.0,128500,1,0,0,0,0
9800,552.0,149900,1,0,0,0,0
7200,297.0,119900,1,0,0,0,0
3612,484.0,137000,0,0,0,1,0
11367,586.0,255000,1,0,0,0,0
9930,591.0,222000,1,0,0,0,0
9468,530.0,214000,1,0,0,0,0
11088,418.0,220000,1,0,0,0,0
14781,748.0,275000,1,0,0,0,0
8726,529.0,197000,1,0,0,0,0
8125,900.0,230000,1,0,0,0,0
10566,646.0,268500,1,0,0,0,0
21533,467.0,210900,1,0,0,0,0
11250,555.0,227000,1,0,0,0,0
11250,610.0,237000,1,0,0,0,0
9750,583.0,274300,1,0,0,0,0
9100,484.0,216837,1,0,0,0,0
4435,420.0,133000,0,0,0,0,1
4435,420.0,155900,0,0,0,0,1
15611,685.0,233230,1,0,0,0,0
8810,545.0,207000,1,0,0,0,0
12393,434.0,195000,1,0,0,0,0
9135,544.0,200000,1,0,0,0,0
8581,578.0,203160,1,0,0,0,0
8400,572.0,195800,1,0,0,0,0
10084,782.0,212900,1,0,0,0,0
11645,565.0,196500,1,0,0,0,0
8772,502.0,198000,1,0,0,0,0
8846,564.0,173900,1,0,0,0,0
8461,390.0,163990,1,0,0,0,0
8767,400.0,164990,1,0,0,0,0
8777,528.0,98000,1,0,0,0,0
17755,528.0,149900,1,0,0,0,0
8877,396.0,102000,1,0,0,0,0
7840,0.0,127500,0,0,1,0,0
9400,0.0,127500,0,0,1,0,0
16133,360.0,119900,1,0,0,0,0
7162,616.0,196500,1,0,0,0,0
8050,0.0,117250,1,0,0,0,0
11060,502.0,229000,1,0,0,0,0
3675,525.0,145000,0,0,0,0,1
3675,525.0,140000,0,0,0,0,1
3675,525.0,142500,0,0,0,0,1
2522,380.0,134000,0,0,0,1,0
2522,380.0,130000,0,0,0,1,0
2522,380.0,130000,0,0,0,1,0
2522,380.0,137500,0,0,0,1,0
3363,380.0,130000,0,0,0,0,1
6956,265.0,97900,1,0,0,0,0
7822,528.0,92000,1,0,0,0,0
8707,288.0,107000,1,0,0,0,0
8410,0.0,81000,1,0,0,0,0
9738,392.0,104900,1,0,0,0,0
8172,572.0,115000,1,0,0,0,0
16012,609.0,125000,1,0,0,0,0
8248,280.0,116000,1,0,0,0,0
8248,0.0,83000,1,0,0,0,0
6204,440.0,118500,1,0,0,0,0
8088,216.0,35000,1,0,0,0,0
11388,275.0,121000,1,0,0,0,0
7082,0.0,160000,0,1,0,0,0
8400,240.0,140000,1,0,0,0,0
10890,240.0,137000,1,0,0,0,0
6430,440.0,128000,0,1,0,0,0
7000,312.0,160000,1,0,0,0,0
13132,180.0,138887,1,0,0,0,0
4899,216.0,149000,1,0,0,0,0
6000,0.0,102000,1,0,0,0,0
9399,288.0,167000,1,0,0,0,0
7588,216.0,200100,1,0,0,0,0
10164,240.0,131000,1,0,0,0,0
6191,240.0,112000,1,0,0,0,0
9550,642.0,140000,1,0,0,0,0
21780,318.0,195000,1,0,0,0,0
11435,400.0,230000,1,0,0,0,0
12400,410.0,194000,1,0,0,0,0
11600,252.0,137500,1,0,0,0,0
11500,180.0,250000,1,0,0,0,0
8170,451.0,218000,1,0,0,0,0
16560,360.0,239000,1,0,0,0,0
12320,579.0,199500,1,0,0,0,0
14210,365.0,210000,1,0,0,0,0
14115,470.0,230000,1,0,0,0,0
12984,621.0,217500,1,0,0,0,0
15600,342.0,257000,1,0,0,0,0
15750,375.0,157000,0,1,0,0,0
16381,540.0,223000,1,0,0,0,0
7288,215.0,102000,1,0,0,0,0
7000,506.0,145400,1,0,0,0,0
8534,0.0,72000,1,0,0,0,0
7030,272.0,85000,1,0,0,0,0
8765,327.0,106500,1,0,0,0,0
9060,384.0,139000,1,0,0,0,0
11040,570.0,108000,1,0,0,0,0
12366,0.0,51689,1,0,0,0,0
9000,308.0,35311,1,0,0,0,0
9000,0.0,115000,0,1,0,0,0
8520,0.0,78000,1,0,0,0,0
5748,495.0,375000,0,0,0,0,1
3842,525.0,300000,0,0,0,0,1
23580,576.0,242500,1,0,0,0,0
8385,616.0,145000,0,0,1,0,0
9116,490.0,209000,1,0,0,0,0
10530,504.0,135000,0,0,1,0,0
11080,528.0,148000,1,0,0,0,0
11070,766.0,171000,0,0,1,0,0
26178,628.0,335000,1,0,0,0,0
8239,312.0,230000,0,0,0,0,1
50102,518.0,250764,1,0,0,0,0
16669,511.0,228000,1,0,0,0,0
13811,551.0,176000,1,0,0,0,0
8049,484.0,180000,1,0,0,0,0
11170,693.0,250000,1,0,0,0,0
8098,470.0,202000,1,0,0,0,0
14331,765.0,312500,1,0,0,0,0
13618,714.0,320000,1,0,0,0,0
11443,880.0,369900,1,0,0,0,0
11577,682.0,359900,1,0,0,0,0
31250,270.0,81500,1,0,0,0,0
7020,784.0,215000,0,0,1,0,0
4500,402.0,164000,0,0,0,1,0
4500,405.0,153500,0,0,0,0,1
17217,0.0,84500,1,0,0,0,0
2665,336.0,104500,0,0,0,0,1
2665,336.0,127000,0,0,0,0,1
3964,576.0,151400,0,0,0,0,1
10172,288.0,126500,1,0,0,0,0
11836,928.0,146500,0,0,1,0,0
1470,0.0,73000,0,0,0,1,0
1484,253.0,79400,0,0,0,0,1
13384,336.0,140000,1,0,0,0,0
1533,0.0,92000,0,0,0,1,0
1533,286.0,87550,0,0,0,1,0
1526,0.0,79500,0,0,0,1,0
1936,0.0,90500,0,0,0,1,0
1894,286.0,71000,0,0,0,0,1
12640,574.0,150900,0,0,1,0,0
9297,560.0,188000,0,0,1,0,0
17400,484.0,160000,1,0,0,0,0
20000,576.0,131000,1,0,0,0,0
7937,588.0,142500,1,0,0,0,0
8885,484.0,131000,1,0,0,0,0
10441,0.0,132000,1,0,0,0,0
10010,418.0,170000,1,0,0,0,0
9627,650.0,188000,1,0,0,0,0
